Entity,Code,Year,Annual CO₂ emissions
Austria,AUT,1807,168544
Austria,AUT,1819,252815.98
Austria,AUT,1820,333424
Austria,AUT,1821,359072
Austria,AUT,1822,366400
Austria,AUT,1823,348080
Austria,AUT,1824,399376
Austria,AUT,1825,403040
Austria,AUT,1826,458000
Austria,AUT,1827,476320
Austria,AUT,1828,458000
Austria,AUT,1829,476320
Austria,AUT,1830,494640
Austria,AUT,1831,479984
Austria,AUT,1832,512960.03
Austria,AUT,1833,428688
Austria,AUT,1834,586240
Austria,AUT,1835,633872
Austria,AUT,1836,674176
Austria,AUT,1837,707152
Austria,AUT,1838,850048
Austria,AUT,1839,1058896
Austria,AUT,1840,1168816
Austria,AUT,1841,1319040
Austria,AUT,1842,1458272
Austria,AUT,1843,1267744
Austria,AUT,1844,1593840
Austria,AUT,1845,1799024
Austria,AUT,1846,2114128
Austria,AUT,1847,2081152
Austria,AUT,1848,2333968
Austria,AUT,1849,2260688
Austria,AUT,1850,2326640
Austria,AUT,1851,2333968
Austria,AUT,1852,2810288
Austria,AUT,1853,3224320
Austria,AUT,1854,3176688
Austria,AUT,1855,3700640
Austria,AUT,1856,4231920
Austria,AUT,1857,4873120
Austria,AUT,1858,7243728
Austria,AUT,1859,5866064
Austria,AUT,1860,6148192
Austria,AUT,1861,6379024
Austria,AUT,1862,6353376
Austria,AUT,1863,5877056
Austria,AUT,1864,5074640
Austria,AUT,1865,5353104
Austria,AUT,1866,3594384
Austria,AUT,1867,4913424
Austria,AUT,1868,6071248
Austria,AUT,1869,6485280
Austria,AUT,1870,7364640
Austria,AUT,1871,10141952
Austria,AUT,1872,10006384
Austria,AUT,1873,10728192
Austria,AUT,1874,9152672
Austria,AUT,1875,7859280
Austria,AUT,1876,8090111.5
Austria,AUT,1877,7284032
Austria,AUT,1878,7240064
Austria,AUT,1879,8863216
Austria,AUT,1880,23647456
Austria,AUT,1881,10314160
Austria,AUT,1882,10599952
Austria,AUT,1883,11761440
Austria,AUT,1884,11460992
Austria,AUT,1885,12047232
Austria,AUT,1886,11369392
Austria,AUT,1887,12256080
Austria,AUT,1888,11951968
Austria,AUT,1889,12875296
Austria,AUT,1890,13036512
Austria,AUT,1891,14945456
Austria,AUT,1892,14465472
Austria,AUT,1893,17700784
Austria,AUT,1894,18129472
Austria,AUT,1895,20371840
Austria,AUT,1896,21298832
Austria,AUT,1897,23020912
Austria,AUT,1898,24453536
Austria,AUT,1899,24816272
Austria,AUT,1900,27696176
Austria,AUT,1901,28352032
Austria,AUT,1902,25695632
Austria,AUT,1903,25699296
Austria,AUT,1904,27208864
Austria,AUT,1905,28608512
Austria,AUT,1906,34177790
Austria,AUT,1907,42696590
Austria,AUT,1908,60030976
Austria,AUT,1909,43641904
Austria,AUT,1910,58785216
Austria,AUT,1911,49141570
Austria,AUT,1912,51688050
Austria,AUT,1913,60983616
Austria,AUT,1914,49654530
Austria,AUT,1915,35342944
Austria,AUT,1916,9086720
Austria,AUT,1917,3451488
Austria,AUT,1918,3337904
Austria,AUT,1919,3015472
Austria,AUT,1920,14527760
Austria,AUT,1921,19338592
Austria,AUT,1922,18587472
Austria,AUT,1923,17777728
Austria,AUT,1924,20093376
Austria,AUT,1925,18990512
Austria,AUT,1926,18620448
Austria,AUT,1927,20122688
Austria,AUT,1928,21190466
Austria,AUT,1929,24172726
Austria,AUT,1930,18863498
Austria,AUT,1931,18102606
Austria,AUT,1932,15171198
Austria,AUT,1933,14229847
Austria,AUT,1934,13753408
Austria,AUT,1935,13921714
Austria,AUT,1936,13591954
Austria,AUT,1937,15258836
Austria,AUT,1938,5786503
Austria,AUT,1939,6335720
Austria,AUT,1940,7343022
Austria,AUT,1941,7973112
Austria,AUT,1942,8545348
Austria,AUT,1943,9611216
Austria,AUT,1944,9390832
Austria,AUT,1945,4561680
Austria,AUT,1946,12760137
Austria,AUT,1947,17630040
Austria,AUT,1948,24487262
Austria,AUT,1949,26574256
Austria,AUT,1950,20945440
Austria,AUT,1951,23322830
Austria,AUT,1952,22117730
Austria,AUT,1953,21758514
Austria,AUT,1954,24542354
Austria,AUT,1955,29110290
Austria,AUT,1956,28245288
Austria,AUT,1957,29222774
Austria,AUT,1958,28127150
Austria,AUT,1959,27946542
Austria,AUT,1960,30824784
Austria,AUT,1961,31860686
Austria,AUT,1962,33908950
Austria,AUT,1963,36996856
Austria,AUT,1964,38940580
Austria,AUT,1965,38184520
Austria,AUT,1966,39245444
Austria,AUT,1967,39955876
Austria,AUT,1968,42330116
Austria,AUT,1969,44675230
Austria,AUT,1970,50672004
Austria,AUT,1971,52102070
Austria,AUT,1972,56100684
Austria,AUT,1973,60044836
Austria,AUT,1974,57326936
Austria,AUT,1975,54239144
Austria,AUT,1976,58229440
Austria,AUT,1977,56015676
Austria,AUT,1978,57248468
Austria,AUT,1979,61346972
Austria,AUT,1980,52054240
Austria,AUT,1981,55862204
Austria,AUT,1982,53598264
Austria,AUT,1983,51697550
Austria,AUT,1984,54247024
Austria,AUT,1985,54402960
Austria,AUT,1986,53765172
Austria,AUT,1987,57406892
Austria,AUT,1988,52962868
Austria,AUT,1989,53718110
Austria,AUT,1990,62191450
Austria,AUT,1991,65790084
Austria,AUT,1992,60291068
Austria,AUT,1993,60710530
Austria,AUT,1994,61080120
Austria,AUT,1995,64063036
Austria,AUT,1996,67410310
Austria,AUT,1997,67304890
Austria,AUT,1998,66936904
Austria,AUT,1999,65667700
Austria,AUT,2000,66204024
Austria,AUT,2001,70190730
Austria,AUT,2002,71988380
Austria,AUT,2003,77411930
Austria,AUT,2004,77715920
Austria,AUT,2005,79095480
Austria,AUT,2006,76796200
Austria,AUT,2007,74092160
Austria,AUT,2008,73466480
Austria,AUT,2009,67301760
Austria,AUT,2010,72000250
Austria,AUT,2011,69891710
Austria,AUT,2012,67260344
Austria,AUT,2013,67758860
Austria,AUT,2014,64158736
Austria,AUT,2015,66357780
Austria,AUT,2016,67218740
Austria,AUT,2017,69601480
Austria,AUT,2018,66566510
Austria,AUT,2019,67951230
Austria,AUT,2020,62179828
Austria,AUT,2021,65751344
Austria,AUT,2022,61454140
Austria,AUT,2023,56908956
Austria,AUT,2024,56367656
Belgium,BEL,1802,6397344
Belgium,BEL,1830,6195824
Belgium,BEL,1831,4462752
Belgium,BEL,1832,4715568
Belgium,BEL,1833,4565344
Belgium,BEL,1834,4407792
Belgium,BEL,1835,4759536
Belgium,BEL,1836,5598592
Belgium,BEL,1837,5997968
Belgium,BEL,1838,6122544
Belgium,BEL,1839,6708784
Belgium,BEL,1840,7727376
Belgium,BEL,1841,7390288
Belgium,BEL,1842,7679744
Belgium,BEL,1843,7111824
Belgium,BEL,1844,7800656
Belgium,BEL,1845,8218352.5
Belgium,BEL,1846,8965808
Belgium,BEL,1847,9317552
Belgium,BEL,1848,8284303.5
Belgium,BEL,1849,8734976
Belgium,BEL,1850,9332208
Belgium,BEL,1851,10167600
Belgium,BEL,1852,11409696
Belgium,BEL,1853,11787088
Belgium,BEL,1854,13058496
Belgium,BEL,1855,13377264
Belgium,BEL,1856,13212384
Belgium,BEL,1857,13754656
Belgium,BEL,1858,14450816
Belgium,BEL,1859,14897824
Belgium,BEL,1860,15212928
Belgium,BEL,1861,16458689
Belgium,BEL,1862,16345104
Belgium,BEL,1863,17228128
Belgium,BEL,1864,18081840
Belgium,BEL,1865,19060128
Belgium,BEL,1866,20529392
Belgium,BEL,1867,22233152
Belgium,BEL,1868,20100704
Belgium,BEL,1869,21650576
Belgium,BEL,1870,24746656
Belgium,BEL,1871,23717072
Belgium,BEL,1872,25589376
Belgium,BEL,1873,28106544
Belgium,BEL,1874,25915472
Belgium,BEL,1875,26930400
Belgium,BEL,1876,26318512
Belgium,BEL,1877,25050768
Belgium,BEL,1878,27238176
Belgium,BEL,1879,27732816
Belgium,BEL,1880,30425856
Belgium,BEL,1881,30631040
Belgium,BEL,1882,32437394
Belgium,BEL,1883,34382976
Belgium,BEL,1884,33870016
Belgium,BEL,1885,33082256
Belgium,BEL,1886,32103970
Belgium,BEL,1887,33968944
Belgium,BEL,1888,36053760
Belgium,BEL,1889,36834190
Belgium,BEL,1890,39824016
Belgium,BEL,1891,37779504
Belgium,BEL,1892,37728210
Belgium,BEL,1893,36075744
Belgium,BEL,1894,39831344
Belgium,BEL,1895,40131790
Belgium,BEL,1896,42278896
Belgium,BEL,1897,43744496
Belgium,BEL,1898,45085520
Belgium,BEL,1899,47126370
Belgium,BEL,1900,49665520
Belgium,BEL,1901,46708670
Belgium,BEL,1902,48855776
Belgium,BEL,1903,52629696
Belgium,BEL,1904,50350690
Belgium,BEL,1905,50266416
Belgium,BEL,1906,57495490
Belgium,BEL,1907,58323550
Belgium,BEL,1908,57847230
Belgium,BEL,1909,57762960
Belgium,BEL,1910,61287730
Belgium,BEL,1911,61687104
Belgium,BEL,1912,64775856
Belgium,BEL,1913,68014830
Belgium,BEL,1914,40575136
Belgium,BEL,1915,34419616
Belgium,BEL,1916,45792670
Belgium,BEL,1917,36247950
Belgium,BEL,1918,33723456
Belgium,BEL,1919,44869344
Belgium,BEL,1920,55154190
Belgium,BEL,1921,50533890
Belgium,BEL,1922,55908976
Belgium,BEL,1923,71884020
Belgium,BEL,1924,76255170
Belgium,BEL,1925,78039540
Belgium,BEL,1926,77684130
Belgium,BEL,1927,90475150
Belgium,BEL,1928,88246130
Belgium,BEL,1929,96954620
Belgium,BEL,1930,93672490
Belgium,BEL,1931,84122810
Belgium,BEL,1932,67713210
Belgium,BEL,1933,72656570
Belgium,BEL,1934,74957770
Belgium,BEL,1935,71640630
Belgium,BEL,1936,75003560
Belgium,BEL,1937,90298120
Belgium,BEL,1938,79119070
Belgium,BEL,1939,73709370
Belgium,BEL,1940,62103940
Belgium,BEL,1941,65183670
Belgium,BEL,1942,61076828
Belgium,BEL,1943,57852690
Belgium,BEL,1944,33138442
Belgium,BEL,1945,38755176
Belgium,BEL,1946,56410636
Belgium,BEL,1947,82030070
Belgium,BEL,1948,85057290
Belgium,BEL,1949,80772050
Belgium,BEL,1950,76204230
Belgium,BEL,1951,89457100
Belgium,BEL,1952,83467630
Belgium,BEL,1953,82381010
Belgium,BEL,1954,85741900
Belgium,BEL,1955,92024380
Belgium,BEL,1956,96787704
Belgium,BEL,1957,96494410
Belgium,BEL,1958,87692430
Belgium,BEL,1959,88317430
Belgium,BEL,1960,90915416
Belgium,BEL,1961,92702050
Belgium,BEL,1962,98025630
Belgium,BEL,1963,105687304
Belgium,BEL,1964,103561320
Belgium,BEL,1965,105334560
Belgium,BEL,1966,105103976
Belgium,BEL,1967,107364670
Belgium,BEL,1968,118441240
Belgium,BEL,1969,123495420
Belgium,BEL,1970,125497690
Belgium,BEL,1971,121374170
Belgium,BEL,1972,130641340
Belgium,BEL,1973,138642740
Belgium,BEL,1974,134953760
Belgium,BEL,1975,121823130
Belgium,BEL,1976,129681256
Belgium,BEL,1977,126199330
Belgium,BEL,1978,135450180
Belgium,BEL,1979,139786620
Belgium,BEL,1980,134835890
Belgium,BEL,1981,123577290
Belgium,BEL,1982,117109240
Belgium,BEL,1983,101205500
Belgium,BEL,1984,104970210
Belgium,BEL,1985,104011816
Belgium,BEL,1986,102374090
Belgium,BEL,1987,102592376
Belgium,BEL,1988,99750140
Belgium,BEL,1989,106792200
Belgium,BEL,1990,120335410
Belgium,BEL,1991,123396216
Belgium,BEL,1992,122519256
Belgium,BEL,1993,121451200
Belgium,BEL,1994,124833050
Belgium,BEL,1995,125969300
Belgium,BEL,1996,129503280
Belgium,BEL,1997,124017384
Belgium,BEL,1998,130255750
Belgium,BEL,1999,124718600
Belgium,BEL,2000,126775704
Belgium,BEL,2001,126085030
Belgium,BEL,2002,126883144
Belgium,BEL,2003,128292040
Belgium,BEL,2004,128811736
Belgium,BEL,2005,125657690
Belgium,BEL,2006,123900460
Belgium,BEL,2007,120493400
Belgium,BEL,2008,120204350
Belgium,BEL,2009,107806790
Belgium,BEL,2010,114562660
Belgium,BEL,2011,105158970
Belgium,BEL,2012,102486240
Belgium,BEL,2013,102815960
Belgium,BEL,2014,97080950
Belgium,BEL,2015,101327496
Belgium,BEL,2016,99816290
Belgium,BEL,2017,99282190
Belgium,BEL,2018,100256370
Belgium,BEL,2019,99798730
Belgium,BEL,2020,91254550
Belgium,BEL,2021,94928070
Belgium,BEL,2022,88914970
Belgium,BEL,2023,84703360
Belgium,BEL,2024,85456200
Bulgaria,BGR,1881,3664
Bulgaria,BGR,1882,3664
Bulgaria,BGR,1883,7328
Bulgaria,BGR,1884,10992
Bulgaria,BGR,1885,7328
Bulgaria,BGR,1886,7328
Bulgaria,BGR,1887,10992
Bulgaria,BGR,1888,18320
Bulgaria,BGR,1889,25648
Bulgaria,BGR,1890,32976
Bulgaria,BGR,1891,40304
Bulgaria,BGR,1892,47632
Bulgaria,BGR,1893,62288
Bulgaria,BGR,1894,80608
Bulgaria,BGR,1895,84272
Bulgaria,BGR,1896,106256
Bulgaria,BGR,1897,109920
Bulgaria,BGR,1898,146560
Bulgaria,BGR,1899,146560
Bulgaria,BGR,1900,216176
Bulgaria,BGR,1901,271136
Bulgaria,BGR,1902,238160
Bulgaria,BGR,1903,234496
Bulgaria,BGR,1904,300448
Bulgaria,BGR,1905,359072
Bulgaria,BGR,1906,315104
Bulgaria,BGR,1907,454336
Bulgaria,BGR,1908,597232
Bulgaria,BGR,1909,604560
Bulgaria,BGR,1910,633872
Bulgaria,BGR,1911,897680
Bulgaria,BGR,1912,897680
Bulgaria,BGR,1913,787760
Bulgaria,BGR,1914,1183472
Bulgaria,BGR,1915,762112
Bulgaria,BGR,1916,923328
Bulgaria,BGR,1917,1139504
Bulgaria,BGR,1918,1421632
Bulgaria,BGR,1919,835392
Bulgaria,BGR,1920,1099200
Bulgaria,BGR,1921,1366672
Bulgaria,BGR,1922,1509568
Bulgaria,BGR,1923,1604832
Bulgaria,BGR,1924,1842992
Bulgaria,BGR,1925,1810016
Bulgaria,BGR,1926,1780704
Bulgaria,BGR,1927,1817344
Bulgaria,BGR,1928,2139330
Bulgaria,BGR,1929,2483568
Bulgaria,BGR,1930,2402871
Bulgaria,BGR,1931,2274928
Bulgaria,BGR,1932,2637515
Bulgaria,BGR,1933,2348148
Bulgaria,BGR,1934,2439749
Bulgaria,BGR,1935,2472784
Bulgaria,BGR,1936,2513058
Bulgaria,BGR,1937,2787769
Bulgaria,BGR,1938,3172310
Bulgaria,BGR,1939,3483750
Bulgaria,BGR,1940,4100016
Bulgaria,BGR,1941,4422448
Bulgaria,BGR,1942,5349440
Bulgaria,BGR,1943,5811104
Bulgaria,BGR,1944,4388967
Bulgaria,BGR,1945,5209227
Bulgaria,BGR,1946,4975712
Bulgaria,BGR,1947,5910032
Bulgaria,BGR,1948,6220165
Bulgaria,BGR,1949,7452576
Bulgaria,BGR,1950,7497770
Bulgaria,BGR,1951,8164502
Bulgaria,BGR,1952,9428402
Bulgaria,BGR,1953,10586137
Bulgaria,BGR,1954,11391890
Bulgaria,BGR,1955,12091595
Bulgaria,BGR,1956,12967084
Bulgaria,BGR,1957,14388626
Bulgaria,BGR,1958,15626850
Bulgaria,BGR,1959,19622254
Bulgaria,BGR,1960,22270700
Bulgaria,BGR,1961,25945040
Bulgaria,BGR,1962,30704012
Bulgaria,BGR,1963,34374060
Bulgaria,BGR,1964,42818064
Bulgaria,BGR,1965,46269140
Bulgaria,BGR,1966,48716010
Bulgaria,BGR,1967,55107668
Bulgaria,BGR,1968,59463508
Bulgaria,BGR,1969,66307708
Bulgaria,BGR,1970,61173972
Bulgaria,BGR,1971,64221556
Bulgaria,BGR,1972,66078920
Bulgaria,BGR,1973,68717270
Bulgaria,BGR,1974,71136530
Bulgaria,BGR,1975,72925750
Bulgaria,BGR,1976,72968370
Bulgaria,BGR,1977,75795864
Bulgaria,BGR,1978,81207210
Bulgaria,BGR,1979,78931440
Bulgaria,BGR,1980,77254110
Bulgaria,BGR,1981,80090340
Bulgaria,BGR,1982,89844184
Bulgaria,BGR,1983,90061304
Bulgaria,BGR,1984,87044930
Bulgaria,BGR,1985,89221336
Bulgaria,BGR,1986,91172376
Bulgaria,BGR,1987,91276710
Bulgaria,BGR,1988,86916990
Bulgaria,BGR,1989,86467180
Bulgaria,BGR,1990,76637944
Bulgaria,BGR,1991,61520710
Bulgaria,BGR,1992,57355644
Bulgaria,BGR,1993,58389170
Bulgaria,BGR,1994,56382556
Bulgaria,BGR,1995,57916560
Bulgaria,BGR,1996,58460404
Bulgaria,BGR,1997,55806190
Bulgaria,BGR,1998,53113840
Bulgaria,BGR,1999,46371320
Bulgaria,BGR,2000,45499310
Bulgaria,BGR,2001,49019640
Bulgaria,BGR,2002,46141040
Bulgaria,BGR,2003,50491210
Bulgaria,BGR,2004,49537290
Bulgaria,BGR,2005,50600356
Bulgaria,BGR,2006,51837492
Bulgaria,BGR,2007,55669220
Bulgaria,BGR,2008,54025910
Bulgaria,BGR,2009,45750250
Bulgaria,BGR,2010,47815700
Bulgaria,BGR,2011,53120460
Bulgaria,BGR,2012,48276560
Bulgaria,BGR,2013,42582988
Bulgaria,BGR,2014,45169064
Bulgaria,BGR,2015,48127124
Bulgaria,BGR,2016,45343750
Bulgaria,BGR,2017,47445844
Bulgaria,BGR,2018,43503330
Bulgaria,BGR,2019,42194980
Bulgaria,BGR,2020,36571028
Bulgaria,BGR,2021,42365030
Bulgaria,BGR,2022,46931790
Bulgaria,BGR,2023,34500948
Bulgaria,BGR,2024,31621824
Croatia,HRV,1885,4927
Croatia,HRV,1890,14782
Croatia,HRV,1891,17246
Croatia,HRV,1892,19093
Croatia,HRV,1893,33875
Croatia,HRV,1894,64671.004
Croatia,HRV,1895,64671.004
Croatia,HRV,1896,72062
Croatia,HRV,1897,56048
Croatia,HRV,1898,84996
Croatia,HRV,1899,99162
Croatia,HRV,1900,134269
Croatia,HRV,1901,146588
Croatia,HRV,1902,137349
Croatia,HRV,1903,149051
Croatia,HRV,1904,158906
Croatia,HRV,1905,172456
Croatia,HRV,1906,206332
Croatia,HRV,1907,210027
Croatia,HRV,1908,226041
Croatia,HRV,1909,232200
Croatia,HRV,1910,229736
Croatia,HRV,1911,248830
Croatia,HRV,1912,254989
Croatia,HRV,1913,700295
Croatia,HRV,1919,501971
Croatia,HRV,1920,666420
Croatia,HRV,1921,709534
Croatia,HRV,1922,1031042
Croatia,HRV,1923,1124661
Croatia,HRV,1924,1152993
Croatia,HRV,1925,1265705
Croatia,HRV,1926,1232446
Croatia,HRV,1927,1392584
Croatia,HRV,1928,1559792
Croatia,HRV,1929,1725178
Croatia,HRV,1930,1623552
Croatia,HRV,1931,1476965
Croatia,HRV,1932,1350314
Croatia,HRV,1933,1248693
Croatia,HRV,1934,1299503
Croatia,HRV,1935,1358412
Croatia,HRV,1936,1342894
Croatia,HRV,1937,1497436
Croatia,HRV,1938,1413568
Croatia,HRV,1939,1484990
Croatia,HRV,1940,1731953
Croatia,HRV,1943,61241
Croatia,HRV,1944,15398
Croatia,HRV,1945,869929
Croatia,HRV,1946,1709434
Croatia,HRV,1947,2369832
Croatia,HRV,1948,2675123
Croatia,HRV,1949,3057775
Croatia,HRV,1950,2938796
Croatia,HRV,1951,2781516
Croatia,HRV,1952,2788662
Croatia,HRV,1953,2773925
Croatia,HRV,1954,3311699
Croatia,HRV,1955,3792789
Croatia,HRV,1956,4342407
Croatia,HRV,1957,4710605
Croatia,HRV,1958,4641472
Croatia,HRV,1959,5326171
Croatia,HRV,1960,5821392
Croatia,HRV,1961,6109371
Croatia,HRV,1962,6268905
Croatia,HRV,1963,6974590
Croatia,HRV,1964,7907537
Croatia,HRV,1965,8143818
Croatia,HRV,1966,8072182.5
Croatia,HRV,1967,8161031
Croatia,HRV,1968,8729798
Croatia,HRV,1969,9053721
Croatia,HRV,1970,11841030
Croatia,HRV,1971,12754926
Croatia,HRV,1972,11937099
Croatia,HRV,1973,14279449
Croatia,HRV,1974,14334891
Croatia,HRV,1975,14951388
Croatia,HRV,1976,15426878
Croatia,HRV,1977,14995625
Croatia,HRV,1978,16763645
Croatia,HRV,1979,18237566
Croatia,HRV,1980,17925540
Croatia,HRV,1981,19479716
Croatia,HRV,1982,17890910
Croatia,HRV,1983,19266562
Croatia,HRV,1984,20321102
Croatia,HRV,1985,20731470
Croatia,HRV,1986,21657046
Croatia,HRV,1987,21139226
Croatia,HRV,1988,21820488
Croatia,HRV,1989,21752126
Croatia,HRV,1990,22885220
Croatia,HRV,1991,16999432
Croatia,HRV,1992,16379164
Croatia,HRV,1993,16811040
Croatia,HRV,1994,16054554
Croatia,HRV,1995,16814490
Croatia,HRV,1996,17338434
Croatia,HRV,1997,18569168
Croatia,HRV,1998,19040028
Croatia,HRV,1999,20082224
Croatia,HRV,2000,19652682
Croatia,HRV,2001,20775934
Croatia,HRV,2002,21915520
Croatia,HRV,2003,23226188
Croatia,HRV,2004,22852690
Croatia,HRV,2005,23295552
Croatia,HRV,2006,23496198
Croatia,HRV,2007,24801760
Croatia,HRV,2008,23515656
Croatia,HRV,2009,21752318
Croatia,HRV,2010,20978134
Croatia,HRV,2011,20614658
Croatia,HRV,2012,19050020
Croatia,HRV,2013,18401342
Croatia,HRV,2014,17649938
Croatia,HRV,2015,17793892
Croatia,HRV,2016,18079278
Croatia,HRV,2017,18713126
Croatia,HRV,2018,17694512
Croatia,HRV,2019,17820422
Croatia,HRV,2020,16870106
Croatia,HRV,2021,17402972
Croatia,HRV,2022,17585164
Croatia,HRV,2023,18467598
Croatia,HRV,2024,18464850
Cyprus,CYP,1950,267472
Cyprus,CYP,1951,282128
Cyprus,CYP,1952,315104
Cyprus,CYP,1953,366400
Cyprus,CYP,1954,443344
Cyprus,CYP,1955,450672
Cyprus,CYP,1956,674027
Cyprus,CYP,1957,816805
Cyprus,CYP,1958,765451
Cyprus,CYP,1959,831401
Cyprus,CYP,1960,886331
Cyprus,CYP,1961,864318
Cyprus,CYP,1962,904622
Cyprus,CYP,1963,985230
Cyprus,CYP,1964,999975
Cyprus,CYP,1965,1150110
Cyprus,CYP,1966,1241710
Cyprus,CYP,1967,1362265
Cyprus,CYP,1968,1622201
Cyprus,CYP,1969,1669803
Cyprus,CYP,1970,1702690
Cyprus,CYP,1971,1883533
Cyprus,CYP,1972,2405937
Cyprus,CYP,1973,2503532
Cyprus,CYP,1974,1928765
Cyprus,CYP,1975,1990826
Cyprus,CYP,1976,2487684
Cyprus,CYP,1977,2700114
Cyprus,CYP,1978,2845021
Cyprus,CYP,1979,3045442
Cyprus,CYP,1980,3260647
Cyprus,CYP,1981,3095654
Cyprus,CYP,1982,3157205
Cyprus,CYP,1983,3151348
Cyprus,CYP,1984,3234557
Cyprus,CYP,1985,3144994
Cyprus,CYP,1986,3606067
Cyprus,CYP,1987,4184954.2
Cyprus,CYP,1988,4197559
Cyprus,CYP,1989,4429735
Cyprus,CYP,1990,4647757
Cyprus,CYP,1991,5136100
Cyprus,CYP,1992,5508841
Cyprus,CYP,1993,5752779
Cyprus,CYP,1994,5994995
Cyprus,CYP,1995,5865764
Cyprus,CYP,1996,6215677
Cyprus,CYP,1997,6302385
Cyprus,CYP,1998,6596848
Cyprus,CYP,1999,6863432
Cyprus,CYP,2000,7106901
Cyprus,CYP,2001,6979659
Cyprus,CYP,2002,7171937
Cyprus,CYP,2003,7560774
Cyprus,CYP,2004,7787102
Cyprus,CYP,2005,7951671
Cyprus,CYP,2006,8183131
Cyprus,CYP,2007,8475067
Cyprus,CYP,2008,8691636
Cyprus,CYP,2009,8437988
Cyprus,CYP,2010,8071821
Cyprus,CYP,2011,7792363
Cyprus,CYP,2012,7261668
Cyprus,CYP,2013,6578171
Cyprus,CYP,2014,6929789
Cyprus,CYP,2015,6952477
Cyprus,CYP,2016,7349926
Cyprus,CYP,2017,7469282
Cyprus,CYP,2018,7324203
Cyprus,CYP,2019,7324482
Cyprus,CYP,2020,6903173
Cyprus,CYP,2021,6950782
Cyprus,CYP,2022,7070778
Cyprus,CYP,2023,7188089
Cyprus,CYP,2024,7299328
Czechia,CZE,1860,202377
Czechia,CZE,1861,665349
Czechia,CZE,1862,1131094
Czechia,CZE,1863,1596839
Czechia,CZE,1864,2062583
Czechia,CZE,1865,2528328
Czechia,CZE,1866,2994073
Czechia,CZE,1867,3457045
Czechia,CZE,1868,3922790
Czechia,CZE,1869,4388534
Czechia,CZE,1870,4854279
Czechia,CZE,1871,5320024
Czechia,CZE,1872,5782996
Czechia,CZE,1873,6248741
Czechia,CZE,1874,6714485
Czechia,CZE,1875,7180230
Czechia,CZE,1876,12411540
Czechia,CZE,1877,13040850
Czechia,CZE,1878,13670159
Czechia,CZE,1879,14690362
Czechia,CZE,1880,15563633
Czechia,CZE,1881,16436905
Czechia,CZE,1882,16808392
Czechia,CZE,1883,17953346
Czechia,CZE,1884,18543844
Czechia,CZE,1885,19469790
Czechia,CZE,1886,20467814
Czechia,CZE,1887,21499106
Czechia,CZE,1888,23043270
Czechia,CZE,1889,24396146
Czechia,CZE,1890,26090016
Czechia,CZE,1891,27049228
Czechia,CZE,1892,27459526
Czechia,CZE,1893,28069432
Czechia,CZE,1894,28773594
Czechia,CZE,1895,29863102
Czechia,CZE,1896,30597760
Czechia,CZE,1897,32383114
Czechia,CZE,1898,33106682
Czechia,CZE,1899,33966092
Czechia,CZE,1900,33719356
Czechia,CZE,1901,35233028
Czechia,CZE,1902,35704316
Czechia,CZE,1903,36375210
Czechia,CZE,1904,36730064
Czechia,CZE,1905,37811256
Czechia,CZE,1906,39485716
Czechia,CZE,1907,41498400
Czechia,CZE,1908,42263550
Czechia,CZE,1909,42005730
Czechia,CZE,1910,41567710
Czechia,CZE,1911,42094444
Czechia,CZE,1912,44789108
Czechia,CZE,1913,46848920
Czechia,CZE,1914,42709892
Czechia,CZE,1915,42615636
Czechia,CZE,1916,45357428
Czechia,CZE,1917,42651670
Czechia,CZE,1918,36364120
Czechia,CZE,1919,34354210
Czechia,CZE,1920,34071436
Czechia,CZE,1921,32721332
Czechia,CZE,1922,29203296
Czechia,CZE,1923,30866670
Czechia,CZE,1924,37886108
Czechia,CZE,1925,35654416
Czechia,CZE,1926,36150652
Czechia,CZE,1927,38795416
Czechia,CZE,1928,40846910
Czechia,CZE,1929,45692876
Czechia,CZE,1930,40310730
Czechia,CZE,1931,37718612
Czechia,CZE,1932,32875306
Czechia,CZE,1933,30064200
Czechia,CZE,1934,30032006
Czechia,CZE,1935,30917798
Czechia,CZE,1936,33592620
Czechia,CZE,1937,40691670
Czechia,CZE,1938,46588324
Czechia,CZE,1939,51191668
Czechia,CZE,1940,57693830
Czechia,CZE,1941,58073036
Czechia,CZE,1942,62634000
Czechia,CZE,1943,69152376
Czechia,CZE,1944,65925040
Czechia,CZE,1945,34986292
Czechia,CZE,1946,43566916
Czechia,CZE,1947,49450468
Czechia,CZE,1948,53448484
Czechia,CZE,1949,56186892
Czechia,CZE,1950,57851024
Czechia,CZE,1951,61648584
Czechia,CZE,1952,65915640
Czechia,CZE,1953,68319160
Czechia,CZE,1954,72957440
Czechia,CZE,1955,75746110
Czechia,CZE,1956,81285900
Czechia,CZE,1957,84897320
Czechia,CZE,1958,92773280
Czechia,CZE,1959,92879310
Czechia,CZE,1960,99081330
Czechia,CZE,1961,107527576
Czechia,CZE,1962,114592020
Czechia,CZE,1963,120514520
Czechia,CZE,1964,125440470
Czechia,CZE,1965,122230060
Czechia,CZE,1966,121569530
Czechia,CZE,1967,121311770
Czechia,CZE,1968,126921260
Czechia,CZE,1969,134731730
Czechia,CZE,1970,154465330
Czechia,CZE,1971,162014350
Czechia,CZE,1972,163482380
Czechia,CZE,1973,164133980
Czechia,CZE,1974,166025230
Czechia,CZE,1975,173690880
Czechia,CZE,1976,180427470
Czechia,CZE,1977,185803310
Czechia,CZE,1978,187483460
Czechia,CZE,1979,182571250
Czechia,CZE,1980,184691120
Czechia,CZE,1981,182673310
Czechia,CZE,1982,180876580
Czechia,CZE,1983,181106670
Czechia,CZE,1984,187201040
Czechia,CZE,1985,184632940
Czechia,CZE,1986,185887500
Czechia,CZE,1987,183677340
Czechia,CZE,1988,180664260
Czechia,CZE,1989,172367140
Czechia,CZE,1990,164252300
Czechia,CZE,1991,148886190
Czechia,CZE,1992,145708180
Czechia,CZE,1993,140126130
Czechia,CZE,1994,132670150
Czechia,CZE,1995,131623810
Czechia,CZE,1996,135019230
Czechia,CZE,1997,130942000
Czechia,CZE,1998,125716776
Czechia,CZE,1999,116668900
Czechia,CZE,2000,127233490
Czechia,CZE,2001,127165210
Czechia,CZE,2002,123988120
Czechia,CZE,2003,127591670
Czechia,CZE,2004,128313656
Czechia,CZE,2005,125713460
Czechia,CZE,2006,126532560
Czechia,CZE,2007,128363630
Czechia,CZE,2008,122927730
Czechia,CZE,2009,114972080
Czechia,CZE,2010,117464090
Czechia,CZE,2011,115178136
Czechia,CZE,2012,111275540
Czechia,CZE,2013,106710090
Czechia,CZE,2014,104232570
Czechia,CZE,2015,104989704
Czechia,CZE,2016,106636424
Czechia,CZE,2017,107735540
Czechia,CZE,2018,106322056
Czechia,CZE,2019,100997496
Czechia,CZE,2020,91661460
Czechia,CZE,2021,96629410
Czechia,CZE,2022,95039670
Czechia,CZE,2023,83232250
Czechia,CZE,2024,75623000
Denmark,DNK,1843,135568
Denmark,DNK,1844,157552
Denmark,DNK,1845,208848
Denmark,DNK,1846,227168
Denmark,DNK,1847,172208
Denmark,DNK,1848,311440
Denmark,DNK,1849,271136
Denmark,DNK,1850,340752
Denmark,DNK,1851,311440
Denmark,DNK,1852,333424
Denmark,DNK,1853,359072
Denmark,DNK,1854,458000
Denmark,DNK,1855,454336
Denmark,DNK,1856,648528
Denmark,DNK,1857,663184
Denmark,DNK,1858,490976
Denmark,DNK,1859,626544
Denmark,DNK,1860,542272
Denmark,DNK,1861,784096
Denmark,DNK,1862,677840
Denmark,DNK,1863,754784
Denmark,DNK,1864,648528
Denmark,DNK,1865,1014928
Denmark,DNK,1866,937984
Denmark,DNK,1867,916000
Denmark,DNK,1868,1084544
Denmark,DNK,1869,945312
Denmark,DNK,1870,1143168
Denmark,DNK,1871,1187136
Denmark,DNK,1872,1139504
Denmark,DNK,1873,1150496
Denmark,DNK,1874,1242096
Denmark,DNK,1875,1458272
Denmark,DNK,1876,1542544
Denmark,DNK,1877,1524224
Denmark,DNK,1878,1447280
Denmark,DNK,1879,1634144
Denmark,DNK,1880,1861312
Denmark,DNK,1881,1971232
Denmark,DNK,1882,2114128
Denmark,DNK,1883,2429232
Denmark,DNK,1884,2418240
Denmark,DNK,1885,2535488
Denmark,DNK,1886,2429232
Denmark,DNK,1887,2491520
Denmark,DNK,1888,2802960
Denmark,DNK,1889,2993488
Denmark,DNK,1890,2868912
Denmark,DNK,1891,3085088
Denmark,DNK,1892,3169360
Denmark,DNK,1893,2997152
Denmark,DNK,1894,3400192
Denmark,DNK,1895,3524768
Denmark,DNK,1896,4312528
Denmark,DNK,1897,4623968
Denmark,DNK,1898,4803504
Denmark,DNK,1899,5250512
Denmark,DNK,1900,5147920
Denmark,DNK,1901,5360432
Denmark,DNK,1902,5503328
Denmark,DNK,1903,5726832
Denmark,DNK,1904,6177504
Denmark,DNK,1905,6008960
Denmark,DNK,1906,6543904
Denmark,DNK,1907,5833088
Denmark,DNK,1908,7236400
Denmark,DNK,1909,8005840.5
Denmark,DNK,1910,7349984
Denmark,DNK,1911,7829968
Denmark,DNK,1912,9284576
Denmark,DNK,1913,9526400
Denmark,DNK,1914,9764560
Denmark,DNK,1915,10453392
Denmark,DNK,1916,10215232
Denmark,DNK,1917,7434256
Denmark,DNK,1918,8676352
Denmark,DNK,1919,8236672.5
Denmark,DNK,1920,7192432
Denmark,DNK,1921,6793056
Denmark,DNK,1922,9650976
Denmark,DNK,1923,10526672
Denmark,DNK,1924,12340352
Denmark,DNK,1925,10720864
Denmark,DNK,1926,10468048
Denmark,DNK,1927,13325968
Denmark,DNK,1928,12557042
Denmark,DNK,1929,15125417
Denmark,DNK,1930,13806466
Denmark,DNK,1931,14320526
Denmark,DNK,1932,13426895
Denmark,DNK,1933,13371371
Denmark,DNK,1934,14641888
Denmark,DNK,1935,15250171
Denmark,DNK,1936,15777639
Denmark,DNK,1937,16294739
Denmark,DNK,1938,14631431
Denmark,DNK,1939,16301977
Denmark,DNK,1940,14822761
Denmark,DNK,1941,17398642
Denmark,DNK,1942,16471592
Denmark,DNK,1943,20622070
Denmark,DNK,1944,20281288
Denmark,DNK,1945,14043221
Denmark,DNK,1946,17643802
Denmark,DNK,1947,21453828
Denmark,DNK,1948,17071120
Denmark,DNK,1949,16880354
Denmark,DNK,1950,22006112
Denmark,DNK,1951,21932386
Denmark,DNK,1952,22913514
Denmark,DNK,1953,23158728
Denmark,DNK,1954,25591770
Denmark,DNK,1955,27079206
Denmark,DNK,1956,26383344
Denmark,DNK,1957,24906842
Denmark,DNK,1958,26801586
Denmark,DNK,1959,26041856
Denmark,DNK,1960,29760512
Denmark,DNK,1961,31712858
Denmark,DNK,1962,36904540
Denmark,DNK,1963,40678836
Denmark,DNK,1964,43157836
Denmark,DNK,1965,44304364
Denmark,DNK,1966,50085740
Denmark,DNK,1967,49033756
Denmark,DNK,1968,53280004
Denmark,DNK,1969,59349916
Denmark,DNK,1970,62043060
Denmark,DNK,1971,57004340
Denmark,DNK,1972,59579076
Denmark,DNK,1973,59197596
Denmark,DNK,1974,55013120
Denmark,DNK,1975,55712320
Denmark,DNK,1976,60056950
Denmark,DNK,1977,61769064
Denmark,DNK,1978,61028388
Denmark,DNK,1979,62907830
Denmark,DNK,1980,60289812
Denmark,DNK,1981,51719536
Denmark,DNK,1982,53619116
Denmark,DNK,1983,50101824
Denmark,DNK,1984,50784364
Denmark,DNK,1985,59984216
Denmark,DNK,1986,58801908
Denmark,DNK,1987,58245904
Denmark,DNK,1988,55013980
Denmark,DNK,1989,48685212
Denmark,DNK,1990,53476972
Denmark,DNK,1991,64104610
Denmark,DNK,1992,58326548
Denmark,DNK,1993,60573716
Denmark,DNK,1994,64673270
Denmark,DNK,1995,61653396
Denmark,DNK,1996,74899650
Denmark,DNK,1997,65437820
Denmark,DNK,1998,61238296
Denmark,DNK,1999,58652804
Denmark,DNK,2000,54306576
Denmark,DNK,2001,55896748
Denmark,DNK,2002,55554384
Denmark,DNK,2003,60645450
Denmark,DNK,2004,55100010
Denmark,DNK,2005,51534924
Denmark,DNK,2006,59500240
Denmark,DNK,2007,54709350
Denmark,DNK,2008,51256330
Denmark,DNK,2009,48851416
Denmark,DNK,2010,49189692
Denmark,DNK,2011,44236864
Denmark,DNK,2012,39861260
Denmark,DNK,2013,41763010
Denmark,DNK,2014,37571384
Denmark,DNK,2015,35110572
Denmark,DNK,2016,36916560
Denmark,DNK,2017,34664620
Denmark,DNK,2018,34608956
Denmark,DNK,2019,30950284
Denmark,DNK,2020,28299676
Denmark,DNK,2021,29603524
Denmark,DNK,2022,29094320
Denmark,DNK,2023,28831184
Denmark,DNK,2024,28369162
Estonia,EST,1830,185
Estonia,EST,1831,222
Estonia,EST,1832,148
Estonia,EST,1833,185
Estonia,EST,1850,1145
Estonia,EST,1855,3471
Estonia,EST,1858,4874
Estonia,EST,1859,5170
Estonia,EST,1860,6831
Estonia,EST,1861,8677
Estonia,EST,1862,7828
Estonia,EST,1863,8197
Estonia,EST,1864,9194
Estonia,EST,1865,8788
Estonia,EST,1866,27768
Estonia,EST,1867,31866
Estonia,EST,1868,26512
Estonia,EST,1869,35965
Estonia,EST,1870,39030
Estonia,EST,1871,52692
Estonia,EST,1872,54095
Estonia,EST,1873,50772
Estonia,EST,1874,61628
Estonia,EST,1875,70933
Estonia,EST,1876,88067
Estonia,EST,1877,89876
Estonia,EST,1878,117459
Estonia,EST,1879,120524
Estonia,EST,1880,141387
Estonia,EST,1881,148919
Estonia,EST,1882,156858
Estonia,EST,1883,178533
Estonia,EST,1884,181266
Estonia,EST,1885,197439
Estonia,EST,1886,202498
Estonia,EST,1887,214277
Estonia,EST,1888,223508
Estonia,EST,1889,241380
Estonia,EST,1890,273357
Estonia,EST,1891,300978
Estonia,EST,1892,318591
Estonia,EST,1893,373425
Estonia,EST,1894,380330
Estonia,EST,1895,437010
Estonia,EST,1896,444875
Estonia,EST,1897,514368
Estonia,EST,1898,576883
Estonia,EST,1899,669233
Estonia,EST,1900,758112
Estonia,EST,1901,778310
Estonia,EST,1902,751724
Estonia,EST,1903,735329
Estonia,EST,1904,818115
Estonia,EST,1905,730270
Estonia,EST,1906,832959
Estonia,EST,1907,932990
Estonia,EST,1908,938713
Estonia,EST,1909,990925
Estonia,EST,1910,971798
Estonia,EST,1911,1007542
Estonia,EST,1912,1141322
Estonia,EST,1913,1239838
Estonia,EST,1914,1118982
Estonia,EST,1915,1027075.06
Estonia,EST,1916,1094685
Estonia,EST,1917,1007468
Estonia,EST,1918,401783
Estonia,EST,1919,343183
Estonia,EST,1920,312941
Estonia,EST,1921,339380
Estonia,EST,1922,413895
Estonia,EST,1923,457208
Estonia,EST,1924,544721
Estonia,EST,1925,537631
Estonia,EST,1926,778975
Estonia,EST,1927,968475
Estonia,EST,1928,1088079
Estonia,EST,1929,1169576
Estonia,EST,1930,1583100
Estonia,EST,1931,1900376
Estonia,EST,1932,2139047
Estonia,EST,1933,2389522
Estonia,EST,1934,2889864
Estonia,EST,1935,3272330
Estonia,EST,1936,3754632
Estonia,EST,1937,3840876
Estonia,EST,1938,4055551
Estonia,EST,1939,4103941
Estonia,EST,1940,4905333
Estonia,EST,1941,4310077
Estonia,EST,1942,2340284
Estonia,EST,1943,2442456
Estonia,EST,1944,3542015
Estonia,EST,1945,3751763
Estonia,EST,1946,4217711
Estonia,EST,1947,5079543
Estonia,EST,1948,5406622
Estonia,EST,1949,6146514
Estonia,EST,1950,6852989
Estonia,EST,1951,7428262
Estonia,EST,1952,7955301
Estonia,EST,1953,8417320
Estonia,EST,1954,9194613
Estonia,EST,1955,10426756
Estonia,EST,1956,11431680
Estonia,EST,1957,12510737
Estonia,EST,1958,13354776
Estonia,EST,1959,14043025
Estonia,EST,1960,14623335
Estonia,EST,1961,15080764
Estonia,EST,1962,15827216
Estonia,EST,1963,16970784
Estonia,EST,1964,18045588
Estonia,EST,1965,19142578
Estonia,EST,1966,20215560
Estonia,EST,1967,21135500
Estonia,EST,1968,21725678
Estonia,EST,1969,22622810
Estonia,EST,1970,23799386
Estonia,EST,1971,25258762
Estonia,EST,1972,26582376
Estonia,EST,1973,27711808
Estonia,EST,1974,28773920
Estonia,EST,1975,30253766
Estonia,EST,1976,31417182
Estonia,EST,1977,32484898
Estonia,EST,1978,33595484
Estonia,EST,1979,33871120
Estonia,EST,1980,35207156
Estonia,EST,1981,34533976
Estonia,EST,1982,35186096
Estonia,EST,1983,35689556
Estonia,EST,1984,36008836
Estonia,EST,1985,38841516
Estonia,EST,1986,38839064
Estonia,EST,1987,37907796
Estonia,EST,1988,38014030
Estonia,EST,1989,38944670
Estonia,EST,1990,36906188
Estonia,EST,1991,34135428
Estonia,EST,1992,24413122
Estonia,EST,1993,19433166
Estonia,EST,1994,20038918
Estonia,EST,1995,18053452
Estonia,EST,1996,19032882
Estonia,EST,1997,18673228
Estonia,EST,1998,16933114
Estonia,EST,1999,15929513
Estonia,EST,2000,15470973
Estonia,EST,2001,15869932
Estonia,EST,2002,15358015
Estonia,EST,2003,17250750
Estonia,EST,2004,17322094
Estonia,EST,2005,17089780
Estonia,EST,2006,16438181
Estonia,EST,2007,19930490
Estonia,EST,2008,17814804
Estonia,EST,2009,14404987
Estonia,EST,2010,18964736
Estonia,EST,2011,18948026
Estonia,EST,2012,17761414
Estonia,EST,2013,19633820
Estonia,EST,2014,18783952
Estonia,EST,2015,15779627
Estonia,EST,2016,17432910
Estonia,EST,2017,18616038
Estonia,EST,2018,17800688
Estonia,EST,2019,12288094
Estonia,EST,2020,9198245
Estonia,EST,2021,10390915
Estonia,EST,2022,11966227
Estonia,EST,2023,8744257
Estonia,EST,2024,8306777
Finland,FIN,1860,36640
Finland,FIN,1861,73280
Finland,FIN,1862,73280
Finland,FIN,1863,76944
Finland,FIN,1864,47632
Finland,FIN,1865,62288
Finland,FIN,1866,69616
Finland,FIN,1867,62288
Finland,FIN,1868,87936
Finland,FIN,1869,69616
Finland,FIN,1870,91600
Finland,FIN,1871,113584
Finland,FIN,1872,91600
Finland,FIN,1873,87936
Finland,FIN,1874,124576
Finland,FIN,1875,84272
Finland,FIN,1876,95264
Finland,FIN,1877,113584
Finland,FIN,1878,128240.01
Finland,FIN,1879,76944
Finland,FIN,1880,98928
Finland,FIN,1881,98928
Finland,FIN,1882,120912
Finland,FIN,1883,117248
Finland,FIN,1884,142896
Finland,FIN,1885,219840
Finland,FIN,1886,128240.01
Finland,FIN,1887,128240.01
Finland,FIN,1888,120912
Finland,FIN,1889,161216
Finland,FIN,1890,208848
Finland,FIN,1891,219840
Finland,FIN,1892,194192
Finland,FIN,1893,194192
Finland,FIN,1894,219840
Finland,FIN,1895,234496
Finland,FIN,1896,296784
Finland,FIN,1897,516623.97
Finland,FIN,1898,487312
Finland,FIN,1899,736464
Finland,FIN,1900,600896
Finland,FIN,1901,421360
Finland,FIN,1902,399376
Finland,FIN,1903,512960.03
Finland,FIN,1904,527616
Finland,FIN,1905,586240
Finland,FIN,1906,615552
Finland,FIN,1907,886688
Finland,FIN,1908,1406976
Finland,FIN,1909,1282400
Finland,FIN,1910,1062560
Finland,FIN,1911,1315376
Finland,FIN,1912,1483920
Finland,FIN,1913,1663456
Finland,FIN,1914,688832
Finland,FIN,1915,106256
Finland,FIN,1916,179536
Finland,FIN,1917,120912
Finland,FIN,1918,73280
Finland,FIN,1919,238160
Finland,FIN,1920,274800
Finland,FIN,1921,282128
Finland,FIN,1922,710816
Finland,FIN,1923,1476592
Finland,FIN,1924,1744064
Finland,FIN,1925,1711088
Finland,FIN,1926,1597504
Finland,FIN,1927,2850592
Finland,FIN,1928,3127927
Finland,FIN,1929,3351431
Finland,FIN,1930,2648241
Finland,FIN,1931,3011154
Finland,FIN,1932,3022177
Finland,FIN,1933,3223666
Finland,FIN,1934,3952535
Finland,FIN,1935,3516342
Finland,FIN,1936,4963383
Finland,FIN,1937,6780401
Finland,FIN,1938,5695588
Finland,FIN,1939,4870834
Finland,FIN,1940,2314430
Finland,FIN,1941,3245056
Finland,FIN,1942,2809575
Finland,FIN,1943,3945176
Finland,FIN,1944,2725303
Finland,FIN,1945,640077
Finland,FIN,1946,3281607
Finland,FIN,1947,5450338
Finland,FIN,1948,8457918
Finland,FIN,1949,4932763
Finland,FIN,1950,6544772
Finland,FIN,1951,7976833
Finland,FIN,1952,8658547
Finland,FIN,1953,7566274
Finland,FIN,1954,9155812
Finland,FIN,1955,10929156
Finland,FIN,1956,12171579
Finland,FIN,1957,12241255
Finland,FIN,1958,10607200
Finland,FIN,1959,13559246
Finland,FIN,1960,15087087
Finland,FIN,1961,14921697
Finland,FIN,1962,16793796
Finland,FIN,1963,19336490
Finland,FIN,1964,22831226
Finland,FIN,1965,25300086
Finland,FIN,1966,29488840
Finland,FIN,1967,28587734
Finland,FIN,1968,33281468
Finland,FIN,1969,37896828
Finland,FIN,1970,40355044
Finland,FIN,1971,40536760
Finland,FIN,1972,44106084
Finland,FIN,1973,49320160
Finland,FIN,1974,46608372
Finland,FIN,1975,46025676
Finland,FIN,1976,51198464
Finland,FIN,1977,50136984
Finland,FIN,1978,51825016
Finland,FIN,1979,54237020
Finland,FIN,1980,58142896
Finland,FIN,1981,51403344
Finland,FIN,1982,42980060
Finland,FIN,1983,41463372
Finland,FIN,1984,42147212
Finland,FIN,1985,49549076
Finland,FIN,1986,53217980
Finland,FIN,1987,57533444
Finland,FIN,1988,52058084
Finland,FIN,1989,52451540
Finland,FIN,1990,56921000
Finland,FIN,1991,55195000
Finland,FIN,1992,54272000
Finland,FIN,1993,56320000
Finland,FIN,1994,61739000
Finland,FIN,1995,58122000
Finland,FIN,1996,64040000
Finland,FIN,1997,62703000
Finland,FIN,1998,59358000
Finland,FIN,1999,58874000
Finland,FIN,2000,57017000
Finland,FIN,2001,62520000
Finland,FIN,2002,65049004
Finland,FIN,2003,72658000
Finland,FIN,2004,68946000
Finland,FIN,2005,57064000
Finland,FIN,2006,68374000
Finland,FIN,2007,66764000
Finland,FIN,2008,58625000
Finland,FIN,2009,55921000
Finland,FIN,2010,64092004
Finland,FIN,2011,56646000
Finland,FIN,2012,51154000
Finland,FIN,2013,51719000
Finland,FIN,2014,47622000
Finland,FIN,2015,44192000
Finland,FIN,2016,47252000
Finland,FIN,2017,44657000
Finland,FIN,2018,45736000
Finland,FIN,2019,42444000
Finland,FIN,2020,37720000
Finland,FIN,2021,37820000
Finland,FIN,2022,36337000
Finland,FIN,2023,31799000
Finland,FIN,2024,29775000
France,FRA,1802,2238704
France,FRA,1804,2176416
France,FRA,1810,2121456
France,FRA,1811,2051840.1
France,FRA,1812,2216720
France,FRA,1813,2048176
France,FRA,1814,2092144
France,FRA,1815,2341296
France,FRA,1816,2498848
France,FRA,1817,2660064
France,FRA,1818,2381600
France,FRA,1819,2557472
France,FRA,1820,2901888
France,FRA,1821,3011808
France,FRA,1822,3169360
France,FRA,1823,3169360
France,FRA,1824,3517440
France,FRA,1825,3957120
France,FRA,1826,4089024
France,FRA,1827,5910032
France,FRA,1828,6243456
France,FRA,1829,6074912
France,FRA,1830,6551232
France,FRA,1831,6052928
France,FRA,1832,6679472
France,FRA,1833,7247392
France,FRA,1834,8921840
France,FRA,1835,9258928
France,FRA,1836,10636592
France,FRA,1837,11351072
France,FRA,1838,11867696
France,FRA,1839,11570912
France,FRA,1840,11798080
France,FRA,1841,13820608
France,FRA,1842,14527760
France,FRA,1843,14549744
France,FRA,1844,15260560
France,FRA,1845,17836352
France,FRA,1846,18528848
France,FRA,1847,20840832
France,FRA,1848,16689520
France,FRA,1849,17385680
France,FRA,1850,19617056
France,FRA,1851,20038416
France,FRA,1852,21569968
France,FRA,1853,25340224
France,FRA,1854,29213072
France,FRA,1855,33071262
France,FRA,1856,34632130
France,FRA,1857,35280656
France,FRA,1858,34595490
France,FRA,1859,34991200
France,FRA,1860,38131250
France,FRA,1861,41241984
France,FRA,1862,43524656
France,FRA,1863,44187840
France,FRA,1864,46829584
France,FRA,1865,49302784
France,FRA,1866,53560350
France,FRA,1867,54278496
France,FRA,1868,55531584
France,FRA,1869,56942224
France,FRA,1870,50537550
France,FRA,1871,50262750
France,FRA,1872,60924990
France,FRA,1873,65849412
France,FRA,1874,62643410
France,FRA,1875,65259508
France,FRA,1876,65358428
France,FRA,1877,63925810
France,FRA,1878,65222864
France,FRA,1879,67498210
France,FRA,1880,76148910
France,FRA,1881,77984580
France,FRA,1882,82308100
France,FRA,1883,86320180
France,FRA,1884,82912660
France,FRA,1885,79713980
France,FRA,1886,79072780
France,FRA,1887,83290050
France,FRA,1888,86653600
France,FRA,1889,88797040
France,FRA,1890,97817810
France,FRA,1891,97982690
France,FRA,1892,98121920
France,FRA,1893,96330220
France,FRA,1894,101899500
France,FRA,1895,102775200
France,FRA,1896,106281650
France,FRA,1897,111261020
France,FRA,1898,115045940
France,FRA,1899,120300110
France,FRA,1900,129276920
France,FRA,1901,125004690
France,FRA,1902,117662030
France,FRA,1903,129342860
France,FRA,1904,125997630
France,FRA,1905,127426590
France,FRA,1906,136568270
France,FRA,1907,145596370
France,FRA,1908,146713890
France,FRA,1909,150095760
France,FRA,1910,150612380
France,FRA,1911,156907140
France,FRA,1912,158577920
France,FRA,1913,171112460
France,FRA,1914,118350860
France,FRA,1915,103233200
France,FRA,1916,109689170
France,FRA,1917,121604500
France,FRA,1918,108450740
France,FRA,1919,116141470
France,FRA,1920,151777540
France,FRA,1921,137909300
France,FRA,1922,163150600
France,FRA,1923,184189280
France,FRA,1924,206634940
France,FRA,1925,213827380
France,FRA,1926,213732110
France,FRA,1927,213039620
France,FRA,1928,211619150
France,FRA,1929,234282100
France,FRA,1930,237634190
France,FRA,1931,217493550
France,FRA,1932,191775420
France,FRA,1933,199387060
France,FRA,1934,201350060
France,FRA,1935,195372340
France,FRA,1936,198079070
France,FRA,1937,217705010
France,FRA,1938,201798460
France,FRA,1939,194617020
France,FRA,1940,137737090
France,FRA,1941,119927290
France,FRA,1942,122495736
France,FRA,1943,125245670
France,FRA,1944,79986440
France,FRA,1945,107165640
France,FRA,1946,165245170
France,FRA,1947,183624110
France,FRA,1948,196500540
France,FRA,1949,229050910
France,FRA,1950,202450910
France,FRA,1951,228945170
France,FRA,1952,227217330
France,FRA,1953,214771790
France,FRA,1954,226601010
France,FRA,1955,239267600
France,FRA,1956,268807100
France,FRA,1957,277881700
France,FRA,1958,266527340
France,FRA,1959,262329810
France,FRA,1960,298395840
France,FRA,1961,318161820
France,FRA,1962,335538270
France,FRA,1963,340421950
France,FRA,1964,371374000
France,FRA,1965,365844930
France,FRA,1966,382835940
France,FRA,1967,407292540
France,FRA,1968,421116100
France,FRA,1969,446577900
France,FRA,1970,463946460
France,FRA,1971,497045800
France,FRA,1972,517593100
France,FRA,1973,542646300
France,FRA,1974,524736700
France,FRA,1975,486023100
France,FRA,1976,527371840
France,FRA,1977,511269060
France,FRA,1978,532682500
France,FRA,1979,536053000
France,FRA,1980,514509470
France,FRA,1981,462596380
France,FRA,1982,443395520
France,FRA,1983,426039200
France,FRA,1984,414655870
France,FRA,1985,407801860
France,FRA,1986,392871740
France,FRA,1987,390134660
France,FRA,1988,387601180
France,FRA,1989,401469220
France,FRA,1990,394904320
France,FRA,1991,419118720
France,FRA,1992,408433000
France,FRA,1993,388889700
France,FRA,1994,381903100
France,FRA,1995,386958820
France,FRA,1996,403351940
France,FRA,1997,396023140
France,FRA,1998,414357000
France,FRA,1999,413070240
France,FRA,2000,407444640
France,FRA,2001,411591650
France,FRA,2002,407026600
France,FRA,2003,412989100
France,FRA,2004,414073000
France,FRA,2005,416342900
France,FRA,2006,406669020
France,FRA,2007,396461200
France,FRA,2008,389794300
France,FRA,2009,371404200
France,FRA,2010,377079400
France,FRA,2011,355126820
France,FRA,2012,358100260
France,FRA,2013,360013340
France,FRA,2014,327808770
France,FRA,2015,332131000
France,FRA,2016,335496400
France,FRA,2017,338368030
France,FRA,2018,323101730
France,FRA,2019,316320800
France,FRA,2020,281515500
France,FRA,2021,307271840
France,FRA,2022,295303800
France,FRA,2023,270262660
France,FRA,2024,264155620
Germany,DEU,1792,468992
Germany,DEU,1793,479984
Germany,DEU,1794,443344
Germany,DEU,1795,447008
Germany,DEU,1796,534944
Germany,DEU,1797,549600
Germany,DEU,1798,575248
Germany,DEU,1799,626544
Germany,DEU,1800,795088
Germany,DEU,1801,534944
Germany,DEU,1802,553264
Germany,DEU,1803,534944
Germany,DEU,1804,1007599.94
Germany,DEU,1805,1040576
Germany,DEU,1806,937984
Germany,DEU,1807,2689376
Germany,DEU,1808,897680
Germany,DEU,1809,930656
Germany,DEU,1810,978288
Germany,DEU,1811,926992
Germany,DEU,1812,912336
Germany,DEU,1813,890352
Germany,DEU,1814,883024
Germany,DEU,1815,1029584.06
Germany,DEU,1816,2385264
Germany,DEU,1817,3381872
Germany,DEU,1818,3532096
Germany,DEU,1819,3275616
Germany,DEU,1820,3381872
Germany,DEU,1821,3532096
Germany,DEU,1822,3631024
Germany,DEU,1823,4034063.8
Germany,DEU,1824,3231648
Germany,DEU,1825,4338176
Germany,DEU,1826,4187952
Germany,DEU,1827,4539696
Germany,DEU,1828,4539696
Germany,DEU,1829,3631024
Germany,DEU,1830,4792512
Germany,DEU,1831,4590992
Germany,DEU,1832,3447824
Germany,DEU,1833,4378480
Germany,DEU,1834,4411456
Germany,DEU,1835,4931744
Germany,DEU,1836,5191888
Germany,DEU,1837,5950336
Germany,DEU,1838,6631840
Germany,DEU,1839,7020224
Germany,DEU,1840,9174656
Germany,DEU,1841,9548384
Germany,DEU,1842,10882080
Germany,DEU,1843,10299504
Germany,DEU,1844,10882080
Germany,DEU,1845,12611488
Germany,DEU,1846,13186736
Germany,DEU,1847,13838928
Germany,DEU,1848,12827664
Germany,DEU,1849,13622752
Germany,DEU,1850,15139648
Germany,DEU,1851,16869056
Germany,DEU,1852,19173712
Germany,DEU,1853,20760224
Germany,DEU,1854,24365600
Germany,DEU,1855,28615840
Germany,DEU,1856,30924160
Germany,DEU,1857,32939362
Germany,DEU,1858,35610416
Germany,DEU,1859,33807730
Germany,DEU,1860,36394510
Germany,DEU,1861,41329920
Germany,DEU,1862,45539856
Germany,DEU,1863,49383390
Germany,DEU,1864,56641776
Germany,DEU,1865,63467810
Germany,DEU,1866,62907216
Germany,DEU,1867,69154340
Germany,DEU,1868,74368210
Germany,DEU,1869,77592530
Germany,DEU,1870,76639890
Germany,DEU,1871,85349220
Germany,DEU,1872,92109300
Germany,DEU,1873,98367410
Germany,DEU,1874,71594560
Germany,DEU,1875,101518450
Germany,DEU,1876,103438380
Germany,DEU,1877,101302270
Germany,DEU,1878,104544910
Germany,DEU,1879,110846990
Germany,DEU,1880,124502720
Germany,DEU,1881,134263620
Germany,DEU,1882,143665440
Germany,DEU,1883,153092910
Germany,DEU,1884,157526350
Germany,DEU,1885,161183020
Germany,DEU,1886,163033340
Germany,DEU,1887,170390660
Germany,DEU,1888,186347380
Germany,DEU,1889,198848940
Germany,DEU,1890,208232450
Germany,DEU,1891,220840270
Germany,DEU,1892,214988860
Germany,DEU,1893,220712030
Germany,DEU,1894,229498300
Germany,DEU,1895,238284580
Germany,DEU,1896,256260160
Germany,DEU,1897,273554240
Germany,DEU,1898,285377950
Germany,DEU,1899,303283940
Germany,DEU,1900,326759200
Germany,DEU,1901,325557400
Germany,DEU,1902,319189380
Germany,DEU,1903,343598940
Germany,DEU,1904,356122460
Germany,DEU,1905,382323740
Germany,DEU,1906,361937250
Germany,DEU,1907,442182530
Germany,DEU,1908,446641600
Germany,DEU,1909,445571700
Germany,DEU,1910,445366530
Germany,DEU,1911,458586240
Germany,DEU,1912,499121060
Germany,DEU,1913,535083260
Germany,DEU,1914,497926600
Germany,DEU,1915,462906100
Germany,DEU,1916,500696600
Germany,DEU,1917,524578560
Germany,DEU,1918,503422600
Germany,DEU,1919,387427700
Germany,DEU,1920,429208300
Germany,DEU,1921,473179970
Germany,DEU,1922,455460830
Germany,DEU,1923,331929100
Germany,DEU,1924,451793180
Germany,DEU,1925,458065950
Germany,DEU,1926,413236900
Germany,DEU,1927,481185800
Germany,DEU,1928,505010900
Germany,DEU,1929,539234750
Germany,DEU,1930,462091780
Germany,DEU,1931,385964900
Germany,DEU,1932,347485760
Germany,DEU,1933,364980800
Germany,DEU,1934,408619780
Germany,DEU,1935,452332830
Germany,DEU,1936,499634430
Germany,DEU,1937,563512600
Germany,DEU,1938,601272640
Germany,DEU,1939,648625500
Germany,DEU,1940,654325000
Germany,DEU,1941,660793200
Germany,DEU,1942,667899400
Germany,DEU,1943,679430140
Germany,DEU,1944,600273150
Germany,DEU,1945,116064530
Germany,DEU,1946,271682430
Germany,DEU,1947,317660030
Germany,DEU,1948,377816400
Germany,DEU,1949,432148030
Germany,DEU,1950,510498620
Germany,DEU,1951,576631100
Germany,DEU,1952,610757060
Germany,DEU,1953,623250200
Germany,DEU,1954,659493700
Germany,DEU,1955,723231040
Germany,DEU,1956,765941600
Germany,DEU,1957,777665860
Germany,DEU,1958,756119100
Germany,DEU,1959,755483140
Germany,DEU,1960,813602200
Germany,DEU,1961,834506300
Germany,DEU,1962,882842560
Germany,DEU,1963,945241540
Germany,DEU,1964,968631740
Germany,DEU,1965,959842050
Germany,DEU,1966,951154560
Germany,DEU,1967,936013200
Germany,DEU,1968,984581950
Germany,DEU,1969,1051802900
Germany,DEU,1970,1025802500
Germany,DEU,1971,1037079230
Germany,DEU,1972,1041356400
Germany,DEU,1973,1085602800
Germany,DEU,1974,1062510850
Germany,DEU,1975,1002285760
Germany,DEU,1976,1090807700
Germany,DEU,1977,1052513300
Germany,DEU,1978,1079066600
Germany,DEU,1979,1117745500
Germany,DEU,1980,1099901200
Germany,DEU,1981,1048362200
Germany,DEU,1982,1015499600
Germany,DEU,1983,1011436300
Germany,DEU,1984,1033017500
Germany,DEU,1985,1043912800
Germany,DEU,1986,1047233800
Germany,DEU,1987,1032266940
Germany,DEU,1988,1028701630
Germany,DEU,1989,1008565250
Germany,DEU,1990,1054795900
Germany,DEU,1991,1016929540
Germany,DEU,1992,969464450
Germany,DEU,1993,959385860
Germany,DEU,1994,943227650
Germany,DEU,1995,939933600
Germany,DEU,1996,959690100
Germany,DEU,1997,931508100
Germany,DEU,1998,923498700
Germany,DEU,1999,895442050
Germany,DEU,2000,898975740
Germany,DEU,2001,915254800
Germany,DEU,2002,898834300
Germany,DEU,2003,894501100
Germany,DEU,2004,876569860
Germany,DEU,2005,867880500
Germany,DEU,2006,886434300
Germany,DEU,2007,846152960
Germany,DEU,2008,856642500
Germany,DEU,2009,789983940
Germany,DEU,2010,826704700
Germany,DEU,2011,804541600
Germany,DEU,2012,814093000
Germany,DEU,2013,831745540
Germany,DEU,2014,792583600
Germany,DEU,2015,800822500
Germany,DEU,2016,797988300
Germany,DEU,2017,784595140
Germany,DEU,2018,758771400
Germany,DEU,2019,708648960
Germany,DEU,2020,647176800
Germany,DEU,2021,677997700
Germany,DEU,2022,667843000
Germany,DEU,2023,593766000
Germany,DEU,2024,572319170
Greece,GRC,1867,168544
Greece,GRC,1868,84272
Greece,GRC,1869,194192
Greece,GRC,1870,201520
Greece,GRC,1871,296784
Greece,GRC,1872,175872
Greece,GRC,1873,194192
Greece,GRC,1874,150224
Greece,GRC,1875,164880
Greece,GRC,1879,3664
Greece,GRC,1883,3664
Greece,GRC,1888,3664
Greece,GRC,1892,370064
Greece,GRC,1893,326096
Greece,GRC,1894,333424
Greece,GRC,1895,311440
Greece,GRC,1896,373728
Greece,GRC,1897,362736
Greece,GRC,1898,461664
Greece,GRC,1899,241824
Greece,GRC,1900,417696
Greece,GRC,1901,417696
Greece,GRC,1902,333424
Greece,GRC,1903,399376
Greece,GRC,1904,355408
Greece,GRC,1905,278464
Greece,GRC,1906,260144
Greece,GRC,1907,428688
Greece,GRC,1908,729136
Greece,GRC,1909,560592
Greece,GRC,1910,718144
Greece,GRC,1911,905008
Greece,GRC,1913,1337360
Greece,GRC,1914,10992
Greece,GRC,1915,21984
Greece,GRC,1916,65952
Greece,GRC,1917,91600
Greece,GRC,1918,124576
Greece,GRC,1919,106256
Greece,GRC,1920,677840
Greece,GRC,1921,743792
Greece,GRC,1922,677840
Greece,GRC,1923,919664
Greece,GRC,1924,1297056
Greece,GRC,1925,1978560
Greece,GRC,1926,1821008
Greece,GRC,1927,2315648
Greece,GRC,1928,2373678
Greece,GRC,1929,2703408
Greece,GRC,1930,2853542
Greece,GRC,1931,2728878
Greece,GRC,1932,2681246
Greece,GRC,1933,2300188
Greece,GRC,1934,2831262
Greece,GRC,1935,2911779
Greece,GRC,1936,3366087
Greece,GRC,1937,3585897
Greece,GRC,1938,2842018
Greece,GRC,1939,251419
Greece,GRC,1940,237387
Greece,GRC,1941,135301
Greece,GRC,1942,227047
Greece,GRC,1943,212512
Greece,GRC,1944,109920
Greece,GRC,1945,65744
Greece,GRC,1946,124160
Greece,GRC,1947,167801
Greece,GRC,1948,1350890
Greece,GRC,1949,1640135
Greece,GRC,1950,4127723.2
Greece,GRC,1951,4574584
Greece,GRC,1952,4797435
Greece,GRC,1953,4884772
Greece,GRC,1954,5082185
Greece,GRC,1955,5953088
Greece,GRC,1956,6286093
Greece,GRC,1957,6813741
Greece,GRC,1958,7447168
Greece,GRC,1959,8120928
Greece,GRC,1960,9391531
Greece,GRC,1961,9808427
Greece,GRC,1962,10152143
Greece,GRC,1963,12239481
Greece,GRC,1964,13201597
Greece,GRC,1965,16998966
Greece,GRC,1966,18620604
Greece,GRC,1967,19504190
Greece,GRC,1968,22286276
Greece,GRC,1969,25434256
Greece,GRC,1970,24126176
Greece,GRC,1971,27749512
Greece,GRC,1972,31477310
Greece,GRC,1973,37131216
Greece,GRC,1974,36061770
Greece,GRC,1975,38669764
Greece,GRC,1976,42655544
Greece,GRC,1977,46657156
Greece,GRC,1978,47681776
Greece,GRC,1979,50818708
Greece,GRC,1980,50888696
Greece,GRC,1981,50125424
Greece,GRC,1982,51508770
Greece,GRC,1983,54789372
Greece,GRC,1984,56284932
Greece,GRC,1985,59771930
Greece,GRC,1986,58274830
Greece,GRC,1987,62576332
Greece,GRC,1988,67051870
Greece,GRC,1989,73227450
Greece,GRC,1990,83436790
Greece,GRC,1991,83406250
Greece,GRC,1992,84973990
Greece,GRC,1993,84283290
Greece,GRC,1994,86429010
Greece,GRC,1995,86962370
Greece,GRC,1996,89114104
Greece,GRC,1997,93801120
Greece,GRC,1998,98621380
Greece,GRC,1999,97934380
Greece,GRC,2000,102972760
Greece,GRC,2001,105361460
Greece,GRC,2002,105000264
Greece,GRC,2003,109066560
Greece,GRC,2004,109484850
Greece,GRC,2005,113888810
Greece,GRC,2006,112419370
Greece,GRC,2007,114545450
Greece,GRC,2008,111080040
Greece,GRC,2009,104319480
Greece,GRC,2010,97354140
Greece,GRC,2011,94505224
Greece,GRC,2012,91392590
Greece,GRC,2013,81713256
Greece,GRC,2014,78635700
Greece,GRC,2015,74926664
Greece,GRC,2016,71359610
Greece,GRC,2017,74841750
Greece,GRC,2018,71778090
Greece,GRC,2019,65736330
Greece,GRC,2020,55576930
Greece,GRC,2021,57527910
Greece,GRC,2022,57609050
Greece,GRC,2023,51988224
Greece,GRC,2024,53360840
Hungary,HUN,1830,113584
Hungary,HUN,1831,69616
Hungary,HUN,1832,87936
Hungary,HUN,1833,65952
Hungary,HUN,1834,69616
Hungary,HUN,1835,51296
Hungary,HUN,1836,84272
Hungary,HUN,1837,69616
Hungary,HUN,1838,62288
Hungary,HUN,1839,139232
Hungary,HUN,1840,135568
Hungary,HUN,1841,142896
Hungary,HUN,1842,84272
Hungary,HUN,1843,87936
Hungary,HUN,1844,186864
Hungary,HUN,1845,87936
Hungary,HUN,1846,62288
Hungary,HUN,1847,164880
Hungary,HUN,1851,274800
Hungary,HUN,1852,344416
Hungary,HUN,1853,344416
Hungary,HUN,1854,436016
Hungary,HUN,1855,454336
Hungary,HUN,1856,476320
Hungary,HUN,1857,545936
Hungary,HUN,1858,381056
Hungary,HUN,1859,769440
Hungary,HUN,1860,905008
Hungary,HUN,1861,959968
Hungary,HUN,1862,1157824
Hungary,HUN,1863,1209120
Hungary,HUN,1864,1209120
Hungary,HUN,1865,1256752
Hungary,HUN,1866,1428960
Hungary,HUN,1867,1689104
Hungary,HUN,1868,1806352
Hungary,HUN,1869,1963904
Hungary,HUN,1870,2121456
Hungary,HUN,1871,2630752
Hungary,HUN,1872,2795632
Hungary,HUN,1873,2916544
Hungary,HUN,1874,2557472
Hungary,HUN,1875,2634416
Hungary,HUN,1876,2762656
Hungary,HUN,1877,2887232
Hungary,HUN,1878,2876240
Hungary,HUN,1879,2868912
Hungary,HUN,1880,3312256
Hungary,HUN,1881,3550416
Hungary,HUN,1882,3583392
Hungary,HUN,1883,4078032
Hungary,HUN,1884,4330848
Hungary,HUN,1885,4378480
Hungary,HUN,1886,4096352
Hungary,HUN,1887,4085360
Hungary,HUN,1888,4429776
Hungary,HUN,1889,4752208
Hungary,HUN,1890,5254176
Hungary,HUN,1891,5521648
Hungary,HUN,1892,5752480
Hungary,HUN,1893,5994304
Hungary,HUN,1894,6433984
Hungary,HUN,1895,6862672
Hungary,HUN,1896,7375632
Hungary,HUN,1897,7463568
Hungary,HUN,1898,8533456
Hungary,HUN,1899,8273311.5
Hungary,HUN,1900,9585024
Hungary,HUN,1901,9618000
Hungary,HUN,1902,8848560
Hungary,HUN,1903,9174656
Hungary,HUN,1904,9277248
Hungary,HUN,1905,9431136
Hungary,HUN,1906,10163936
Hungary,HUN,1907,10204240
Hungary,HUN,1908,10772160
Hungary,HUN,1909,11853040
Hungary,HUN,1910,11677168
Hungary,HUN,1911,11995936
Hungary,HUN,1912,12303712
Hungary,HUN,1913,13025520
Hungary,HUN,1914,11592896
Hungary,HUN,1915,11765104
Hungary,HUN,1916,11834720
Hungary,HUN,1917,11717472
Hungary,HUN,1918,10651248
Hungary,HUN,1919,4755872
Hungary,HUN,1920,5587600
Hungary,HUN,1921,9236944
Hungary,HUN,1922,11010320
Hungary,HUN,1923,11860368
Hungary,HUN,1924,11263136
Hungary,HUN,1925,10130960
Hungary,HUN,1926,11772432
Hungary,HUN,1927,13087808
Hungary,HUN,1928,13749268
Hungary,HUN,1929,15112366
Hungary,HUN,1930,12514887
Hungary,HUN,1931,11188667
Hungary,HUN,1932,10210766
Hungary,HUN,1933,10005641
Hungary,HUN,1934,10573383
Hungary,HUN,1935,11078807
Hungary,HUN,1936,11899810
Hungary,HUN,1937,13621177
Hungary,HUN,1938,14771643
Hungary,HUN,1939,14443488
Hungary,HUN,1940,15824816
Hungary,HUN,1941,17851968
Hungary,HUN,1942,18837346
Hungary,HUN,1943,19207528
Hungary,HUN,1944,15857168
Hungary,HUN,1945,8199883.5
Hungary,HUN,1946,10797154
Hungary,HUN,1947,13838096
Hungary,HUN,1948,16380526
Hungary,HUN,1949,20409916
Hungary,HUN,1950,18390042
Hungary,HUN,1951,22185350
Hungary,HUN,1952,27208248
Hungary,HUN,1953,31766266
Hungary,HUN,1954,34009080
Hungary,HUN,1955,35693540
Hungary,HUN,1956,33162518
Hungary,HUN,1957,38446052
Hungary,HUN,1958,39247172
Hungary,HUN,1959,41917628
Hungary,HUN,1960,45357690
Hungary,HUN,1961,48973816
Hungary,HUN,1962,50545132
Hungary,HUN,1963,56260828
Hungary,HUN,1964,62385068
Hungary,HUN,1965,61274436
Hungary,HUN,1966,61709560
Hungary,HUN,1967,58811050
Hungary,HUN,1968,61129844
Hungary,HUN,1969,62380224
Hungary,HUN,1970,69960136
Hungary,HUN,1971,69246664
Hungary,HUN,1972,69384310
Hungary,HUN,1973,73006824
Hungary,HUN,1974,74027600
Hungary,HUN,1975,75300210
Hungary,HUN,1976,79919500
Hungary,HUN,1977,83075160
Hungary,HUN,1978,88039896
Hungary,HUN,1979,86058320
Hungary,HUN,1980,86696860
Hungary,HUN,1981,86437240
Hungary,HUN,1982,86683830
Hungary,HUN,1983,88945736
Hungary,HUN,1984,90664780
Hungary,HUN,1985,85936230
Hungary,HUN,1986,83197760
Hungary,HUN,1987,84114870
Hungary,HUN,1988,78030710
Hungary,HUN,1989,75909400
Hungary,HUN,1990,73427330
Hungary,HUN,1991,69824900
Hungary,HUN,1992,62280756
Hungary,HUN,1993,62991350
Hungary,HUN,1994,61880370
Hungary,HUN,1995,61464130
Hungary,HUN,1996,63083060
Hungary,HUN,1997,61675956
Hungary,HUN,1998,61255404
Hungary,HUN,1999,61575150
Hungary,HUN,2000,58244410
Hungary,HUN,2001,59827756
Hungary,HUN,2002,58841980
Hungary,HUN,2003,61611250
Hungary,HUN,2004,59984924
Hungary,HUN,2005,60142084
Hungary,HUN,2006,59528564
Hungary,HUN,2007,58448584
Hungary,HUN,2008,57184428
Hungary,HUN,2009,51457530
Hungary,HUN,2010,51992716
Hungary,HUN,2011,50156010
Hungary,HUN,2012,46720180
Hungary,HUN,2013,43486532
Hungary,HUN,2014,43638876
Hungary,HUN,2015,46566910
Hungary,HUN,2016,47039120
Hungary,HUN,2017,49423524
Hungary,HUN,2018,49366230
Hungary,HUN,2019,49158950
Hungary,HUN,2020,47105320
Hungary,HUN,2021,48326284
Hungary,HUN,2022,45267340
Hungary,HUN,2023,40343864
Hungary,HUN,2024,40017292
Ireland,IRL,1850,395712
Ireland,IRL,1880,351744
Ireland,IRL,1881,351744
Ireland,IRL,1910,216176
Ireland,IRL,1913,223504
Ireland,IRL,1914,249152
Ireland,IRL,1915,227168
Ireland,IRL,1916,241824
Ireland,IRL,1917,256480.02
Ireland,IRL,1918,245488
Ireland,IRL,1919,249152
Ireland,IRL,1920,293120
Ireland,IRL,1921,238160
Ireland,IRL,1924,6686800
Ireland,IRL,1925,6034608
Ireland,IRL,1926,8097440
Ireland,IRL,1927,6730768
Ireland,IRL,1928,6485280
Ireland,IRL,1929,9999056
Ireland,IRL,1930,9552048
Ireland,IRL,1931,9841504
Ireland,IRL,1932,6426656
Ireland,IRL,1933,9266256
Ireland,IRL,1934,9482432
Ireland,IRL,1935,9533728
Ireland,IRL,1936,10145616
Ireland,IRL,1937,10354464
Ireland,IRL,1938,9965634
Ireland,IRL,1939,11529568
Ireland,IRL,1940,11522181
Ireland,IRL,1941,8447995
Ireland,IRL,1942,7015757
Ireland,IRL,1943,7110814
Ireland,IRL,1944,6356149
Ireland,IRL,1945,6832587
Ireland,IRL,1946,8195150.5
Ireland,IRL,1947,8810732
Ireland,IRL,1948,8443915
Ireland,IRL,1949,8344839
Ireland,IRL,1950,9726138
Ireland,IRL,1951,10506628
Ireland,IRL,1952,9619792
Ireland,IRL,1953,9535490
Ireland,IRL,1954,9091640
Ireland,IRL,1955,11714768
Ireland,IRL,1956,10923165
Ireland,IRL,1957,9718482
Ireland,IRL,1958,8956370
Ireland,IRL,1959,12312178
Ireland,IRL,1960,11168414
Ireland,IRL,1961,12352601
Ireland,IRL,1962,13106731
Ireland,IRL,1963,13447196
Ireland,IRL,1964,14215937
Ireland,IRL,1965,13717431
Ireland,IRL,1966,15094724
Ireland,IRL,1967,16394835
Ireland,IRL,1968,17798046
Ireland,IRL,1969,18494394
Ireland,IRL,1970,19390076
Ireland,IRL,1971,22476182
Ireland,IRL,1972,22036418
Ireland,IRL,1973,22846356
Ireland,IRL,1974,23293276
Ireland,IRL,1975,22051382
Ireland,IRL,1976,22289698
Ireland,IRL,1977,23565180
Ireland,IRL,1978,23575976
Ireland,IRL,1979,27399212
Ireland,IRL,1980,26275082
Ireland,IRL,1981,26061508
Ireland,IRL,1982,25566268
Ireland,IRL,1983,25725018
Ireland,IRL,1984,25549450
Ireland,IRL,1985,26746140
Ireland,IRL,1986,28550302
Ireland,IRL,1987,30226336
Ireland,IRL,1988,29883636
Ireland,IRL,1989,30061098
Ireland,IRL,1990,32945302
Ireland,IRL,1991,33675164
Ireland,IRL,1992,33496132
Ireland,IRL,1993,33717148
Ireland,IRL,1994,34838990
Ireland,IRL,1995,35853360
Ireland,IRL,1996,37469464
Ireland,IRL,1997,38804936
Ireland,IRL,1998,40708444
Ireland,IRL,1999,42440316
Ireland,IRL,2000,45249516
Ireland,IRL,2001,47607710
Ireland,IRL,2002,46081388
Ireland,IRL,2003,45683964
Ireland,IRL,2004,46166736
Ireland,IRL,2005,48152990
Ireland,IRL,2006,47597384
Ireland,IRL,2007,47658190
Ireland,IRL,2008,47361076
Ireland,IRL,2009,42177070
Ireland,IRL,2010,41790900
Ireland,IRL,2011,38054388
Ireland,IRL,2012,38223920
Ireland,IRL,2013,37278704
Ireland,IRL,2014,36849876
Ireland,IRL,2015,38715396
Ireland,IRL,2016,40369024
Ireland,IRL,2017,39040450
Ireland,IRL,2018,38922364
Ireland,IRL,2019,37199836
Ireland,IRL,2020,35052570
Ireland,IRL,2021,37473684
Ireland,IRL,2022,36675670
Ireland,IRL,2023,33567940
Ireland,IRL,2024,33310624
Italy,ITA,1860,29312
Italy,ITA,1861,670512
Italy,ITA,1862,1227440
Italy,ITA,1863,1069888
Italy,ITA,1864,1604832
Italy,ITA,1865,1271408
Italy,ITA,1866,1476592
Italy,ITA,1867,1469264
Italy,ITA,1868,1696432
Italy,ITA,1869,1872304
Italy,ITA,1870,2678384
Italy,ITA,1871,2308320
Italy,ITA,1872,2975168
Italy,ITA,1873,2769984
Italy,ITA,1874,2997152
Italy,ITA,1875,3066768
Italy,ITA,1876,4107344.2
Italy,ITA,1877,3803232
Italy,ITA,1878,3784912
Italy,ITA,1879,4356496
Italy,ITA,1880,5067312
Italy,ITA,1881,5957664
Italy,ITA,1882,6272768
Italy,ITA,1883,6646496
Italy,ITA,1884,7360976
Italy,ITA,1885,8375904
Italy,ITA,1886,8328272
Italy,ITA,1887,10149280
Italy,ITA,1888,10896736
Italy,ITA,1889,11255808
Italy,ITA,1890,12208448
Italy,ITA,1891,10999328
Italy,ITA,1892,10889408
Italy,ITA,1893,10523008
Italy,ITA,1894,13062160
Italy,ITA,1895,12021584
Italy,ITA,1896,11424352
Italy,ITA,1897,11918992
Italy,ITA,1898,12402640
Italy,ITA,1899,13589776
Italy,ITA,1900,13908544
Italy,ITA,1901,13520160
Italy,ITA,1902,15015072
Italy,ITA,1903,15315520
Italy,ITA,1904,16187551
Italy,ITA,1905,17843680
Italy,ITA,1906,21089984
Italy,ITA,1907,22808400
Italy,ITA,1908,23262736
Italy,ITA,1909,25702960
Italy,ITA,1910,25735936
Italy,ITA,1911,26538352
Italy,ITA,1912,27850064
Italy,ITA,1913,29964192
Italy,ITA,1914,27238176
Italy,ITA,1915,23779360
Italy,ITA,1916,23511888
Italy,ITA,1917,16121599
Italy,ITA,1918,18979520
Italy,ITA,1919,18609456
Italy,ITA,1920,17869328
Italy,ITA,1921,21881408
Italy,ITA,1922,25699296
Italy,ITA,1923,26824144
Italy,ITA,1924,32180912
Italy,ITA,1925,30968128
Italy,ITA,1926,35841250
Italy,ITA,1927,40384610
Italy,ITA,1928,38148140
Italy,ITA,1929,44027132
Italy,ITA,1930,39549784
Italy,ITA,1931,34172700
Italy,ITA,1932,28064604
Italy,ITA,1933,30473790
Italy,ITA,1934,39660990
Italy,ITA,1935,45376240
Italy,ITA,1936,31989586
Italy,ITA,1937,45174150
Italy,ITA,1938,44978956
Italy,ITA,1939,46120100
Italy,ITA,1940,49030564
Italy,ITA,1941,42894144
Italy,ITA,1942,41888780
Italy,ITA,1943,7112232
Italy,ITA,1944,3577930
Italy,ITA,1945,4351886
Italy,ITA,1946,22166356
Italy,ITA,1947,36786412
Italy,ITA,1948,35528084
Italy,ITA,1949,39771060
Italy,ITA,1950,41430596
Italy,ITA,1951,48822436
Italy,ITA,1952,50620580
Italy,ITA,1953,55998240
Italy,ITA,1954,64945404
Italy,ITA,1955,73273290
Italy,ITA,1956,83478720
Italy,ITA,1957,87081630
Italy,ITA,1958,87602310
Italy,ITA,1959,94095600
Italy,ITA,1960,109217740
Italy,ITA,1961,124393220
Italy,ITA,1962,146269900
Italy,ITA,1963,164574560
Italy,ITA,1964,175743300
Italy,ITA,1965,189543020
Italy,ITA,1966,213997100
Italy,ITA,1967,234148060
Italy,ITA,1968,249186820
Italy,ITA,1969,269675620
Italy,ITA,1970,296379200
Italy,ITA,1971,311060200
Italy,ITA,1972,328244800
Italy,ITA,1973,353356260
Italy,ITA,1974,358260260
Italy,ITA,1975,341056130
Italy,ITA,1976,365799140
Italy,ITA,1977,354421280
Italy,ITA,1978,371277500
Italy,ITA,1979,385259200
Italy,ITA,1980,386436670
Italy,ITA,1981,375307260
Italy,ITA,1982,366882900
Italy,ITA,1983,358409100
Italy,ITA,1984,364604740
Italy,ITA,1985,368986050
Italy,ITA,1986,363187620
Italy,ITA,1987,380098750
Italy,ITA,1988,385962240
Italy,ITA,1989,404741950
Italy,ITA,1990,438208030
Italy,ITA,1991,437741820
Italy,ITA,1992,437936500
Italy,ITA,1993,430267780
Italy,ITA,1994,424506720
Italy,ITA,1995,448595840
Italy,ITA,1996,442842900
Italy,ITA,1997,448570940
Italy,ITA,1998,460824400
Italy,ITA,1999,465507840
Italy,ITA,2000,469598270
Italy,ITA,2001,469679260
Italy,ITA,2002,477136320
Italy,ITA,2003,495093800
Italy,ITA,2004,500687230
Italy,ITA,2005,501365470
Italy,ITA,2006,496074620
Italy,ITA,2007,489793630
Italy,ITA,2008,478131970
Italy,ITA,2009,424032030
Italy,ITA,2010,435672030
Italy,ITA,2011,423897120
Italy,ITA,2012,403443520
Italy,ITA,2013,369460540
Italy,ITA,2014,349388960
Italy,ITA,2015,361243700
Italy,ITA,2016,358133150
Italy,ITA,2017,352666240
Italy,ITA,2018,349048350
Italy,ITA,2019,339637950
Italy,ITA,2020,302600100
Italy,ITA,2021,335930430
Italy,ITA,2022,340114720
Italy,ITA,2023,312290660
Italy,ITA,2024,301929760
Latvia,LVA,1830,122
Latvia,LVA,1831,147
Latvia,LVA,1832,98
Latvia,LVA,1833,122
Latvia,LVA,1850,759
Latvia,LVA,1855,2301
Latvia,LVA,1858,3231
Latvia,LVA,1859,3427
Latvia,LVA,1860,4529
Latvia,LVA,1861,5753
Latvia,LVA,1862,5190
Latvia,LVA,1863,5435
Latvia,LVA,1864,6095
Latvia,LVA,1865,5826
Latvia,LVA,1866,18409
Latvia,LVA,1867,21126
Latvia,LVA,1868,17577
Latvia,LVA,1869,23843
Latvia,LVA,1870,25875
Latvia,LVA,1871,34933
Latvia,LVA,1872,35863
Latvia,LVA,1873,33660
Latvia,LVA,1874,40857
Latvia,LVA,1875,47026
Latvia,LVA,1876,58385
Latvia,LVA,1877,59584
Latvia,LVA,1878,77871
Latvia,LVA,1879,79902
Latvia,LVA,1880,93734
Latvia,LVA,1881,98727
Latvia,LVA,1882,103991
Latvia,LVA,1883,118360
Latvia,LVA,1884,120172
Latvia,LVA,1885,130894.01
Latvia,LVA,1886,134248
Latvia,LVA,1887,142057
Latvia,LVA,1888,148177
Latvia,LVA,1889,160025
Latvia,LVA,1890,181225
Latvia,LVA,1891,199536
Latvia,LVA,1892,211213
Latvia,LVA,1893,247565
Latvia,LVA,1894,252143
Latvia,LVA,1895,289720
Latvia,LVA,1896,294934
Latvia,LVA,1897,341005
Latvia,LVA,1898,382449
Latvia,LVA,1899,443674
Latvia,LVA,1900,502596.97
Latvia,LVA,1901,515986.97
Latvia,LVA,1902,498362
Latvia,LVA,1903,487493
Latvia,LVA,1904,542377
Latvia,LVA,1905,484139
Latvia,LVA,1906,552217
Latvia,LVA,1907,618534
Latvia,LVA,1908,622328
Latvia,LVA,1909,656942
Latvia,LVA,1910,644262
Latvia,LVA,1911,667958
Latvia,LVA,1912,756649
Latvia,LVA,1913,821961
Latvia,LVA,1914,741839
Latvia,LVA,1915,680908
Latvia,LVA,1916,725731
Latvia,LVA,1917,667909
Latvia,LVA,1918,266366
Latvia,LVA,1919,227516
Latvia,LVA,1920,207467
Latvia,LVA,1921,224995
Latvia,LVA,1922,274395
Latvia,LVA,1923,303110
Latvia,LVA,1924,361127
Latvia,LVA,1925,356427
Latvia,LVA,1926,516428
Latvia,LVA,1927,642059
Latvia,LVA,1928,708716
Latvia,LVA,1929,762956
Latvia,LVA,1930,1043018
Latvia,LVA,1931,1253526
Latvia,LVA,1932,1409196
Latvia,LVA,1933,1573192
Latvia,LVA,1934,1899606
Latvia,LVA,1935,2149230
Latvia,LVA,1936,2458921
Latvia,LVA,1937,2513352
Latvia,LVA,1938,2647774
Latvia,LVA,1939,2678962
Latvia,LVA,1940,3245701
Latvia,LVA,1941,2852255
Latvia,LVA,1942,1551511
Latvia,LVA,1943,1619247
Latvia,LVA,1944,2348210
Latvia,LVA,1945,2484793
Latvia,LVA,1946,2791612
Latvia,LVA,1947,3361152
Latvia,LVA,1948,3576019
Latvia,LVA,1949,4065028.2
Latvia,LVA,1950,4530368
Latvia,LVA,1951,4909369
Latvia,LVA,1952,5257662
Latvia,LVA,1953,5562746
Latvia,LVA,1954,6075159
Latvia,LVA,1955,6889179
Latvia,LVA,1956,7555135
Latvia,LVA,1957,8268586
Latvia,LVA,1958,8827382
Latvia,LVA,1959,9282293
Latvia,LVA,1960,9666607
Latvia,LVA,1961,9972120
Latvia,LVA,1962,10470946
Latvia,LVA,1963,11231453
Latvia,LVA,1964,11946009
Latvia,LVA,1965,12674038
Latvia,LVA,1966,13386594
Latvia,LVA,1967,14002162
Latvia,LVA,1968,14399615
Latvia,LVA,1969,14999000
Latvia,LVA,1970,15779262
Latvia,LVA,1971,16752617
Latvia,LVA,1972,17636198
Latvia,LVA,1973,18392770
Latvia,LVA,1974,19106046
Latvia,LVA,1975,20093566
Latvia,LVA,1976,20867690
Latvia,LVA,1977,21580524
Latvia,LVA,1978,22326238
Latvia,LVA,1979,22509984
Latvia,LVA,1980,23394948
Latvia,LVA,1981,22964624
Latvia,LVA,1982,23396512
Latvia,LVA,1983,23736738
Latvia,LVA,1984,23951808
Latvia,LVA,1985,25819072
Latvia,LVA,1986,23608822
Latvia,LVA,1987,19294130
Latvia,LVA,1988,18865442
Latvia,LVA,1989,17943096
Latvia,LVA,1990,19661604
Latvia,LVA,1991,17919586
Latvia,LVA,1992,14193533
Latvia,LVA,1993,11921674
Latvia,LVA,1994,10370181
Latvia,LVA,1995,9133941
Latvia,LVA,1996,9211659
Latvia,LVA,1997,8679916
Latvia,LVA,1998,8306022.5
Latvia,LVA,1999,7717860
Latvia,LVA,2000,7081630
Latvia,LVA,2001,7496506
Latvia,LVA,2002,7520418
Latvia,LVA,2003,7726040
Latvia,LVA,2004,7731198
Latvia,LVA,2005,7810764
Latvia,LVA,2006,8310115
Latvia,LVA,2007,8637233
Latvia,LVA,2008,8198058
Latvia,LVA,2009,7456196
Latvia,LVA,2010,8554521
Latvia,LVA,2011,7808430
Latvia,LVA,2012,7519718
Latvia,LVA,2013,7368746
Latvia,LVA,2014,7172200
Latvia,LVA,2015,7262421
Latvia,LVA,2016,7210682
Latvia,LVA,2017,7215320
Latvia,LVA,2018,7843189
Latvia,LVA,2019,7633452
Latvia,LVA,2020,6999268
Latvia,LVA,2021,7218349
Latvia,LVA,2022,6607997
Latvia,LVA,2023,6589883
Latvia,LVA,2024,6461889
Lithuania,LTU,1830,191
Lithuania,LTU,1831,229
Lithuania,LTU,1832,153
Lithuania,LTU,1833,191
Lithuania,LTU,1850,1184
Lithuania,LTU,1855,3589
Lithuania,LTU,1858,5040
Lithuania,LTU,1859,5345
Lithuania,LTU,1860,7064
Lithuania,LTU,1861,8973
Lithuania,LTU,1862,8093.9995
Lithuania,LTU,1863,8476
Lithuania,LTU,1864,9507
Lithuania,LTU,1865,9087
Lithuania,LTU,1866,28712
Lithuania,LTU,1867,32951
Lithuania,LTU,1868,27414
Lithuania,LTU,1869,37189
Lithuania,LTU,1870,40358
Lithuania,LTU,1871,54485
Lithuania,LTU,1872,55936
Lithuania,LTU,1873,52499
Lithuania,LTU,1874,63725.004
Lithuania,LTU,1875,73347
Lithuania,LTU,1876,91063
Lithuania,LTU,1877,92934
Lithuania,LTU,1878,121455
Lithuania,LTU,1879,124624
Lithuania,LTU,1880,146197
Lithuania,LTU,1881,153986
Lithuania,LTU,1882,162195
Lithuania,LTU,1883,184607
Lithuania,LTU,1884,187433
Lithuania,LTU,1885,204156
Lithuania,LTU,1886,209387
Lithuania,LTU,1887,221567
Lithuania,LTU,1888,231112
Lithuania,LTU,1889,249592
Lithuania,LTU,1890,282657
Lithuania,LTU,1891,311217
Lithuania,LTU,1892,329429
Lithuania,LTU,1893,386129
Lithuania,LTU,1894,393269
Lithuania,LTU,1895,451877
Lithuania,LTU,1896,460010
Lithuania,LTU,1897,531867
Lithuania,LTU,1898,596509
Lithuania,LTU,1899,692000
Lithuania,LTU,1900,783903
Lithuania,LTU,1901,804788
Lithuania,LTU,1902,777298
Lithuania,LTU,1903,760345
Lithuania,LTU,1904,845948
Lithuania,LTU,1905,755114
Lithuania,LTU,1906,861297
Lithuania,LTU,1907,964730
Lithuania,LTU,1908,970648
Lithuania,LTU,1909,1024637
Lithuania,LTU,1910,1004859
Lithuania,LTU,1911,1041819
Lithuania,LTU,1912,1180150
Lithuania,LTU,1913,1282018
Lithuania,LTU,1914,1157050
Lithuania,LTU,1915,1062017
Lithuania,LTU,1916,1131927
Lithuania,LTU,1917,1041741.94
Lithuania,LTU,1918,415452
Lithuania,LTU,1919,354858
Lithuania,LTU,1920,323588
Lithuania,LTU,1921,350926
Lithuania,LTU,1922,427976
Lithuania,LTU,1923,472762
Lithuania,LTU,1924,563252
Lithuania,LTU,1925,555922
Lithuania,LTU,1926,805476
Lithuania,LTU,1927,1001423
Lithuania,LTU,1928,1102934
Lithuania,LTU,1929,1188519
Lithuania,LTU,1930,1622475
Lithuania,LTU,1931,1950122
Lithuania,LTU,1932,2193778
Lithuania,LTU,1933,2453391
Lithuania,LTU,1934,2965089
Lithuania,LTU,1935,3351958
Lithuania,LTU,1936,3838049
Lithuania,LTU,1937,3928133
Lithuania,LTU,1938,4146428
Lithuania,LTU,1939,4197372
Lithuania,LTU,1940,5030329
Lithuania,LTU,1941,4421838
Lithuania,LTU,1942,2419901
Lithuania,LTU,1943,2525549
Lithuania,LTU,1944,3662516
Lithuania,LTU,1945,3863223
Lithuania,LTU,1946,4331518
Lithuania,LTU,1947,5210923
Lithuania,LTU,1948,5536428
Lithuania,LTU,1949,6291710
Lithuania,LTU,1950,7002975
Lithuania,LTU,1951,7582757
Lithuania,LTU,1952,8120311
Lithuania,LTU,1953,8589954
Lithuania,LTU,1954,9375104
Lithuania,LTU,1955,10630504
Lithuania,LTU,1956,11666252
Lithuania,LTU,1957,12767945
Lithuania,LTU,1958,13632305
Lithuania,LTU,1959,14331127
Lithuania,LTU,1960,14921524
Lithuania,LTU,1961,15398499
Lithuania,LTU,1962,16179802
Lithuania,LTU,1963,17366368
Lithuania,LTU,1964,18478924
Lithuania,LTU,1965,19603964
Lithuania,LTU,1966,20706378
Lithuania,LTU,1967,21673964
Lithuania,LTU,1968,22304778
Lithuania,LTU,1969,23247304
Lithuania,LTU,1970,24462224
Lithuania,LTU,1971,26009888
Lithuania,LTU,1972,27418106
Lithuania,LTU,1973,28633444
Lithuania,LTU,1974,29785214
Lithuania,LTU,1975,31358656
Lithuania,LTU,1976,32584964
Lithuania,LTU,1977,33721788
Lithuania,LTU,1978,34921790
Lithuania,LTU,1979,35219756
Lithuania,LTU,1980,36613720
Lithuania,LTU,1981,35991404
Lithuania,LTU,1982,36680820
Lithuania,LTU,1983,37242828
Lithuania,LTU,1984,37600516
Lithuania,LTU,1985,40510932
Lithuania,LTU,1986,36062584
Lithuania,LTU,1987,36071370
Lithuania,LTU,1988,36467444
Lithuania,LTU,1989,36816680
Lithuania,LTU,1990,35737676
Lithuania,LTU,1991,37820376
Lithuania,LTU,1992,21168442
Lithuania,LTU,1993,16319714
Lithuania,LTU,1994,15767042
Lithuania,LTU,1995,15057343
Lithuania,LTU,1996,15739963
Lithuania,LTU,1997,15162846
Lithuania,LTU,1998,15997053
Lithuania,LTU,1999,13449596
Lithuania,LTU,2000,11843035
Lithuania,LTU,2001,12593737
Lithuania,LTU,2002,12666029
Lithuania,LTU,2003,12659431
Lithuania,LTU,2004,13254143
Lithuania,LTU,2005,13862545
Lithuania,LTU,2006,14195265
Lithuania,LTU,2007,15473504
Lithuania,LTU,2008,14918791
Lithuania,LTU,2009,12829125
Lithuania,LTU,2010,13801892
Lithuania,LTU,2011,13959649
Lithuania,LTU,2012,14054137
Lithuania,LTU,2013,13148174
Lithuania,LTU,2014,12845803
Lithuania,LTU,2015,13045220
Lithuania,LTU,2016,13101518
Lithuania,LTU,2017,13277398
Lithuania,LTU,2018,13414424
Lithuania,LTU,2019,13647340
Lithuania,LTU,2020,13499604
Lithuania,LTU,2021,13778095
Lithuania,LTU,2022,12895064
Lithuania,LTU,2023,12507402
Lithuania,LTU,2024,12541509
Luxembourg,LUX,1945,25440
Luxembourg,LUX,1946,36343
Luxembourg,LUX,1947,43611
Luxembourg,LUX,1948,50880
Luxembourg,LUX,1949,58149
Luxembourg,LUX,1950,7426393
Luxembourg,LUX,1951,9020233
Luxembourg,LUX,1952,9412370
Luxembourg,LUX,1953,8661102
Luxembourg,LUX,1954,8789312
Luxembourg,LUX,1955,9895840
Luxembourg,LUX,1956,10379458
Luxembourg,LUX,1957,10848331
Luxembourg,LUX,1958,10093554
Luxembourg,LUX,1959,10430635
Luxembourg,LUX,1960,11518754
Luxembourg,LUX,1961,11591975
Luxembourg,LUX,1962,11551671
Luxembourg,LUX,1963,11449168
Luxembourg,LUX,1964,12306544
Luxembourg,LUX,1965,12203860
Luxembourg,LUX,1966,11617682
Luxembourg,LUX,1967,11361292
Luxembourg,LUX,1968,12266300
Luxembourg,LUX,1969,13189539
Luxembourg,LUX,1970,13742651
Luxembourg,LUX,1971,13197676
Luxembourg,LUX,1972,13500482
Luxembourg,LUX,1973,14179017
Luxembourg,LUX,1974,14427709
Luxembourg,LUX,1975,11867550
Luxembourg,LUX,1976,11865494
Luxembourg,LUX,1977,10957610
Luxembourg,LUX,1978,11884497
Luxembourg,LUX,1979,12162284
Luxembourg,LUX,1980,11077174
Luxembourg,LUX,1981,9489622
Luxembourg,LUX,1982,8931505
Luxembourg,LUX,1983,8371279.5
Luxembourg,LUX,1984,9007821
Luxembourg,LUX,1985,9240506
Luxembourg,LUX,1986,9114821
Luxembourg,LUX,1987,8812367
Luxembourg,LUX,1988,9103279
Luxembourg,LUX,1989,9849941
Luxembourg,LUX,1990,11809167
Luxembourg,LUX,1991,12420411
Luxembourg,LUX,1992,12189432
Luxembourg,LUX,1993,12338294
Luxembourg,LUX,1994,11523991
Luxembourg,LUX,1995,9134483
Luxembourg,LUX,1996,9185693
Luxembourg,LUX,1997,8547978
Luxembourg,LUX,1998,7656827
Luxembourg,LUX,1999,8119314
Luxembourg,LUX,2000,8702319
Luxembourg,LUX,2001,9205365
Luxembourg,LUX,2002,9978491
Luxembourg,LUX,2003,10450939
Luxembourg,LUX,2004,11815994
Luxembourg,LUX,2005,12075892
Luxembourg,LUX,2006,11905623
Luxembourg,LUX,2007,11302203
Luxembourg,LUX,2008,11166763
Luxembourg,LUX,2009,10619787
Luxembourg,LUX,2010,11190507
Luxembourg,LUX,2011,11089509
Luxembourg,LUX,2012,10857971
Luxembourg,LUX,2013,10323408
Luxembourg,LUX,2014,9806854
Luxembourg,LUX,2015,9333977
Luxembourg,LUX,2016,9077205
Luxembourg,LUX,2017,9251006
Luxembourg,LUX,2018,9556162
Luxembourg,LUX,2019,9749969
Luxembourg,LUX,2020,8069083
Luxembourg,LUX,2021,8409505
Luxembourg,LUX,2022,7274379
Luxembourg,LUX,2023,6840733
Luxembourg,LUX,2024,7039783
Malta,MLT,1950,245488
Malta,MLT,1951,256480.02
Malta,MLT,1952,241824
Malta,MLT,1953,230832
Malta,MLT,1954,307776
Malta,MLT,1955,340752
Malta,MLT,1956,296784
Malta,MLT,1957,311440
Malta,MLT,1958,329760
Malta,MLT,1959,388384
Malta,MLT,1960,340752
Malta,MLT,1961,293120
Malta,MLT,1962,329760
Malta,MLT,1963,410368
Malta,MLT,1964,498304
Malta,MLT,1965,472656
Malta,MLT,1966,414032
Malta,MLT,1967,520288
Malta,MLT,1968,637536
Malta,MLT,1969,652192
Malta,MLT,1970,663184
Malta,MLT,1971,659520
Malta,MLT,1972,839056
Malta,MLT,1973,806080
Malta,MLT,1974,743792
Malta,MLT,1975,666848
Malta,MLT,1976,762112
Malta,MLT,1977,802416
Malta,MLT,1978,934320
Malta,MLT,1979,905008
Malta,MLT,1980,1022256
Malta,MLT,1981,1143168
Malta,MLT,1982,1311712
Malta,MLT,1983,996608
Malta,MLT,1984,1363008
Malta,MLT,1985,1198128
Malta,MLT,1986,1483920
Malta,MLT,1987,1853984
Malta,MLT,1988,2011535.9
Malta,MLT,1989,2169088
Malta,MLT,1990,2427410
Malta,MLT,1991,2271858
Malta,MLT,1992,2293611
Malta,MLT,1993,2885604
Malta,MLT,1994,2658364
Malta,MLT,1995,2452147
Malta,MLT,1996,2533966
Malta,MLT,1997,2556266
Malta,MLT,1998,2524950
Malta,MLT,1999,2572876
Malta,MLT,2000,2468170
Malta,MLT,2001,2736578
Malta,MLT,2002,2747250
Malta,MLT,2003,2960865
Malta,MLT,2004,2849102
Malta,MLT,2005,2649810
Malta,MLT,2006,2655351
Malta,MLT,2007,2727800
Malta,MLT,2008,2721287
Malta,MLT,2009,2560864
Malta,MLT,2010,2619259
Malta,MLT,2011,2608196
Malta,MLT,2012,2749059
Malta,MLT,2013,2429647
Malta,MLT,2014,2417320
Malta,MLT,2015,1697468
Malta,MLT,2016,1375879
Malta,MLT,2017,1537206
Malta,MLT,2018,1547703
Malta,MLT,2019,1649196
Malta,MLT,2020,1600889
Malta,MLT,2021,1611409
Malta,MLT,2022,1774245
Malta,MLT,2023,1768002
Malta,MLT,2024,1728766
Netherlands,NLD,1846,2868912
Netherlands,NLD,1847,3869184
Netherlands,NLD,1848,3649344
Netherlands,NLD,1849,3330576
Netherlands,NLD,1850,3136384
Netherlands,NLD,1851,3118064
Netherlands,NLD,1852,3762928
Netherlands,NLD,1853,4169632
Netherlands,NLD,1854,5946672
Netherlands,NLD,1855,4649616
Netherlands,NLD,1856,4722896
Netherlands,NLD,1857,4217264
Netherlands,NLD,1858,3707968
Netherlands,NLD,1859,3524768
Netherlands,NLD,1860,4796176
Netherlands,NLD,1861,4404128
Netherlands,NLD,1862,5671872
Netherlands,NLD,1863,4085360
Netherlands,NLD,1864,3403856
Netherlands,NLD,1865,3847200
Netherlands,NLD,1866,4217264
Netherlands,NLD,1867,4041391.8
Netherlands,NLD,1868,4239248
Netherlands,NLD,1869,4371152
Netherlands,NLD,1870,4942736
Netherlands,NLD,1871,4979376
Netherlands,NLD,1872,5331120
Netherlands,NLD,1873,5140592
Netherlands,NLD,1874,4741216
Netherlands,NLD,1875,5419056
Netherlands,NLD,1876,6210480
Netherlands,NLD,1877,6309408
Netherlands,NLD,1878,6686800
Netherlands,NLD,1879,7210752
Netherlands,NLD,1880,7972864
Netherlands,NLD,1881,8027824.5
Netherlands,NLD,1882,8130416
Netherlands,NLD,1883,9009776
Netherlands,NLD,1884,9017104
Netherlands,NLD,1885,9420144
Netherlands,NLD,1886,9618000
Netherlands,NLD,1887,9786544
Netherlands,NLD,1888,10860096
Netherlands,NLD,1889,10610944
Netherlands,NLD,1890,10284848
Netherlands,NLD,1891,11908000
Netherlands,NLD,1892,11321760
Netherlands,NLD,1893,11460992
Netherlands,NLD,1894,11618544
Netherlands,NLD,1895,11625872
Netherlands,NLD,1896,12494240
Netherlands,NLD,1897,13102464
Netherlands,NLD,1898,12933920
Netherlands,NLD,1899,13278336
Netherlands,NLD,1900,14634016
Netherlands,NLD,1901,14311584
Netherlands,NLD,1902,14300592
Netherlands,NLD,1903,15297200
Netherlands,NLD,1904,16165567
Netherlands,NLD,1905,16594255
Netherlands,NLD,1906,18056192
Netherlands,NLD,1907,18576480
Netherlands,NLD,1908,18920896
Netherlands,NLD,1909,19917504
Netherlands,NLD,1910,20833504
Netherlands,NLD,1911,22079264
Netherlands,NLD,1912,24922528
Netherlands,NLD,1913,27549616
Netherlands,NLD,1914,25823872
Netherlands,NLD,1915,24534144
Netherlands,NLD,1916,22398032
Netherlands,NLD,1917,8654368
Netherlands,NLD,1918,14527760
Netherlands,NLD,1919,21980336
Netherlands,NLD,1920,22170864
Netherlands,NLD,1921,23233424
Netherlands,NLD,1922,27271152
Netherlands,NLD,1923,27197872
Netherlands,NLD,1924,30594400
Netherlands,NLD,1925,33591550
Netherlands,NLD,1926,34328016
Netherlands,NLD,1927,37966370
Netherlands,NLD,1928,38006670
Netherlands,NLD,1929,41266770
Netherlands,NLD,1930,40779430
Netherlands,NLD,1931,44956480
Netherlands,NLD,1932,41416816
Netherlands,NLD,1933,38569470
Netherlands,NLD,1934,38627948
Netherlands,NLD,1935,37265090
Netherlands,NLD,1936,39892000
Netherlands,NLD,1937,43999190
Netherlands,NLD,1938,43306636
Netherlands,NLD,1939,40701176
Netherlands,NLD,1940,33437664
Netherlands,NLD,1941,37125440
Netherlands,NLD,1942,34594000
Netherlands,NLD,1943,34927456
Netherlands,NLD,1944,23335154
Netherlands,NLD,1945,14651415
Netherlands,NLD,1946,31102062
Netherlands,NLD,1947,44603428
Netherlands,NLD,1948,47263220
Netherlands,NLD,1949,50498684
Netherlands,NLD,1950,51300924
Netherlands,NLD,1951,54986490
Netherlands,NLD,1952,54733170
Netherlands,NLD,1953,55275320
Netherlands,NLD,1954,58411228
Netherlands,NLD,1955,61004810
Netherlands,NLD,1956,65096870
Netherlands,NLD,1957,64426124
Netherlands,NLD,1958,66708588
Netherlands,NLD,1959,67136320
Netherlands,NLD,1960,73455920
Netherlands,NLD,1961,75833440
Netherlands,NLD,1962,83300220
Netherlands,NLD,1963,91162904
Netherlands,NLD,1964,96787544
Netherlands,NLD,1965,100414580
Netherlands,NLD,1966,103564780
Netherlands,NLD,1967,106689430
Netherlands,NLD,1968,113452820
Netherlands,NLD,1969,115805730
Netherlands,NLD,1970,141810580
Netherlands,NLD,1971,140669760
Netherlands,NLD,1972,157499020
Netherlands,NLD,1973,165263500
Netherlands,NLD,1974,159988820
Netherlands,NLD,1975,152529100
Netherlands,NLD,1976,169130820
Netherlands,NLD,1977,163609310
Netherlands,NLD,1978,169793040
Netherlands,NLD,1979,187007090
Netherlands,NLD,1980,176635440
Netherlands,NLD,1981,164113470
Netherlands,NLD,1982,133490750
Netherlands,NLD,1983,137361000
Netherlands,NLD,1984,144072860
Netherlands,NLD,1985,146980000
Netherlands,NLD,1986,144014380
Netherlands,NLD,1987,151484030
Netherlands,NLD,1988,145602780
Netherlands,NLD,1989,161664200
Netherlands,NLD,1990,163032750
Netherlands,NLD,1991,171469150
Netherlands,NLD,1992,171277390
Netherlands,NLD,1993,171185020
Netherlands,NLD,1994,171951920
Netherlands,NLD,1995,173482380
Netherlands,NLD,1996,182542600
Netherlands,NLD,1997,175466190
Netherlands,NLD,1998,176396200
Netherlands,NLD,1999,171053000
Netherlands,NLD,2000,172153890
Netherlands,NLD,2001,177464220
Netherlands,NLD,2002,176738240
Netherlands,NLD,2003,180168660
Netherlands,NLD,2004,182090420
Netherlands,NLD,2005,178129760
Netherlands,NLD,2006,173279360
Netherlands,NLD,2007,173028180
Netherlands,NLD,2008,175903660
Netherlands,NLD,2009,170433400
Netherlands,NLD,2010,182478750
Netherlands,NLD,2011,169346110
Netherlands,NLD,2012,165751870
Netherlands,NLD,2013,164925380
Netherlands,NLD,2014,157502820
Netherlands,NLD,2015,163958100
Netherlands,NLD,2016,164811760
Netherlands,NLD,2017,162295740
Netherlands,NLD,2018,158264260
Netherlands,NLD,2019,152727100
Netherlands,NLD,2020,136974140
Netherlands,NLD,2021,139885680
Netherlands,NLD,2022,127503144
Netherlands,NLD,2023,117016380
Netherlands,NLD,2024,114784730
Poland,POL,1800,406704
Poland,POL,1801,443344
Poland,POL,1802,450672
Poland,POL,1803,461664
Poland,POL,1804,458000
Poland,POL,1805,571584
Poland,POL,1806,520288
Poland,POL,1807,377392
Poland,POL,1808,501968.03
Poland,POL,1809,472656
Poland,POL,1810,567920
Poland,POL,1811,589904
Poland,POL,1812,454336
Poland,POL,1813,381056
Poland,POL,1814,501968.03
Poland,POL,1815,589904
Poland,POL,1816,677840
Poland,POL,1817,743792
Poland,POL,1818,923328
Poland,POL,1819,758448
Poland,POL,1820,747456
Poland,POL,1821,828064
Poland,POL,1822,908672
Poland,POL,1823,1220112
Poland,POL,1824,1275072
Poland,POL,1825,1326368
Poland,POL,1826,1220112
Poland,POL,1827,1308048
Poland,POL,1828,1209120
Poland,POL,1829,1066224
Poland,POL,1830,989280
Poland,POL,1831,809744
Poland,POL,1832,1033247.94
Poland,POL,1833,1073552
Poland,POL,1834,1128512
Poland,POL,1835,1209120
Poland,POL,1836,1370336
Poland,POL,1837,1472928
Poland,POL,1838,1586512
Poland,POL,1839,1681776
Poland,POL,1840,1967568
Poland,POL,1841,2139776
Poland,POL,1842,2282672
Poland,POL,1843,2246032
Poland,POL,1844,2392592
Poland,POL,1845,2791968
Poland,POL,1846,2949520
Poland,POL,1847,3022800
Poland,POL,1848,3044784
Poland,POL,1849,3004480
Poland,POL,1850,3202336
Poland,POL,1851,3458816
Poland,POL,1852,4129327.8
Poland,POL,1853,4316192
Poland,POL,1854,4777856
Poland,POL,1855,5620576
Poland,POL,1856,6316736
Poland,POL,1857,6716112
Poland,POL,1858,7705392
Poland,POL,1859,7111824
Poland,POL,1860,7485552
Poland,POL,1861,7668752
Poland,POL,1862,8804592
Poland,POL,1863,10054016
Poland,POL,1864,11219168
Poland,POL,1865,12420960
Poland,POL,1866,12153488
Poland,POL,1867,13292992
Poland,POL,1868,15117664
Poland,POL,1869,15612304
Poland,POL,1870,16663872
Poland,POL,1871,18972192
Poland,POL,1872,20631984
Poland,POL,1873,22350400
Poland,POL,1874,24497504
Poland,POL,1875,24057824
Poland,POL,1876,24589104
Poland,POL,1877,23134496
Poland,POL,1878,24332624
Poland,POL,1879,26487056
Poland,POL,1880,26347824
Poland,POL,1881,26230576
Poland,POL,1882,27245504
Poland,POL,1883,29927552
Poland,POL,1884,31202624
Poland,POL,1885,32598606
Poland,POL,1886,33430336
Poland,POL,1887,33675824
Poland,POL,1888,37501040
Poland,POL,1889,40516510
Poland,POL,1890,41864864
Poland,POL,1891,45342000
Poland,POL,1892,43095970
Poland,POL,1893,45334670
Poland,POL,1894,46093120
Poland,POL,1895,48991344
Poland,POL,1896,52724960
Poland,POL,1897,55091904
Poland,POL,1898,59844110
Poland,POL,1899,61917936
Poland,POL,1900,63306590
Poland,POL,1901,66897308
Poland,POL,1902,65490332
Poland,POL,1903,68487490
Poland,POL,1904,69381500
Poland,POL,1905,74884830
Poland,POL,1906,78691730
Poland,POL,1907,87195870
Poland,POL,1908,93021630
Poland,POL,1909,95535140
Poland,POL,1910,94545860
Poland,POL,1911,99602180
Poland,POL,1912,110934930
Poland,POL,1913,116207420
Poland,POL,1914,97004400
Poland,POL,1915,94743710
Poland,POL,1916,108776830
Poland,POL,1917,120882690
Poland,POL,1918,101525780
Poland,POL,1919,2729680
Poland,POL,1920,76379740
Poland,POL,1921,74947120
Poland,POL,1922,71770430
Poland,POL,1923,52549090
Poland,POL,1924,47837184
Poland,POL,1925,48075344
Poland,POL,1926,48130304
Poland,POL,1927,60668510
Poland,POL,1928,62888132
Poland,POL,1929,72689690
Poland,POL,1930,56565140
Poland,POL,1931,54825896
Poland,POL,1932,41977020
Poland,POL,1933,43204224
Poland,POL,1934,45214510
Poland,POL,1935,46148330
Poland,POL,1936,49895770
Poland,POL,1937,56336130
Poland,POL,1938,59936084
Poland,POL,1939,51900560
Poland,POL,1940,167246940
Poland,POL,1941,164803060
Poland,POL,1942,181613490
Poland,POL,1943,197786380
Poland,POL,1944,189040420
Poland,POL,1945,59458176
Poland,POL,1946,104594220
Poland,POL,1947,91546216
Poland,POL,1948,88925240
Poland,POL,1949,105425784
Poland,POL,1950,111866456
Poland,POL,1951,121908720
Poland,POL,1952,127855490
Poland,POL,1953,139031820
Poland,POL,1954,147462200
Poland,POL,1955,154107070
Poland,POL,1956,166332940
Poland,POL,1957,178601840
Poland,POL,1958,176690610
Poland,POL,1959,189689440
Poland,POL,1960,199547760
Poland,POL,1961,207220750
Poland,POL,1962,216603520
Poland,POL,1963,231002450
Poland,POL,1964,242869550
Poland,POL,1965,246977200
Poland,POL,1966,252423660
Poland,POL,1967,259014370
Poland,POL,1968,275793760
Poland,POL,1969,293372540
Poland,POL,1970,304169120
Poland,POL,1971,312888160
Poland,POL,1972,329510140
Poland,POL,1973,335597200
Poland,POL,1974,346240320
Poland,POL,1975,374783740
Poland,POL,1976,398126080
Poland,POL,1977,417962270
Poland,POL,1978,430877380
Poland,POL,1979,441312400
Poland,POL,1980,463332830
Poland,POL,1981,409004300
Poland,POL,1982,420977760
Poland,POL,1983,421027420
Poland,POL,1984,432474620
Poland,POL,1985,444511580
Poland,POL,1986,451856000
Poland,POL,1987,463736300
Poland,POL,1988,444240900
Poland,POL,1989,422243800
Poland,POL,1990,376341540
Poland,POL,1991,373366000
Poland,POL,1992,364282660
Poland,POL,1993,364957820
Poland,POL,1994,359990980
Poland,POL,1995,362482900
Poland,POL,1996,377118620
Poland,POL,1997,367199100
Poland,POL,1998,338980030
Poland,POL,1999,329204300
Poland,POL,2000,317306200
Poland,POL,2001,313267100
Poland,POL,2002,305852400
Poland,POL,2003,318732700
Poland,POL,2004,323620770
Poland,POL,2005,322576860
Poland,POL,2006,336387230
Poland,POL,2007,335734660
Poland,POL,2008,329428450
Poland,POL,2009,315886300
Poland,POL,2010,334027520
Poland,POL,2011,333406080
Poland,POL,2012,325777700
Poland,POL,2013,321757150
Poland,POL,2014,309415360
Poland,POL,2015,312548860
Poland,POL,2016,323300480
Poland,POL,2017,336505100
Poland,POL,2018,335718620
Poland,POL,2019,317444060
Poland,POL,2020,302102430
Poland,POL,2021,330693730
Poland,POL,2022,314891970
Poland,POL,2023,283243460
Poland,POL,2024,272861820
Portugal,PRT,1870,21984
Portugal,PRT,1871,36640
Portugal,PRT,1872,520288
Portugal,PRT,1873,725472
Portugal,PRT,1874,531280
Portugal,PRT,1875,1168816
Portugal,PRT,1876,1146832
Portugal,PRT,1877,670512
Portugal,PRT,1878,641200
Portugal,PRT,1879,707152
Portugal,PRT,1880,879360
Portugal,PRT,1881,890352
Portugal,PRT,1882,1084544
Portugal,PRT,1883,1139504
Portugal,PRT,1884,1201792
Portugal,PRT,1885,1113856
Portugal,PRT,1886,1231104
Portugal,PRT,1887,1267744
Portugal,PRT,1888,1366672
Portugal,PRT,1889,1571856
Portugal,PRT,1890,1678112
Portugal,PRT,1891,1740400
Portugal,PRT,1892,1692768
Portugal,PRT,1893,1513232
Portugal,PRT,1894,1777040
Portugal,PRT,1895,1696432
Portugal,PRT,1896,1729408
Portugal,PRT,1897,1817344
Portugal,PRT,1898,2081152
Portugal,PRT,1899,2143440
Portugal,PRT,1900,2465872
Portugal,PRT,1901,2388928
Portugal,PRT,1902,2619760
Portugal,PRT,1903,2520832
Portugal,PRT,1904,2579456
Portugal,PRT,1905,2520832
Portugal,PRT,1906,2898224
Portugal,PRT,1907,3162032
Portugal,PRT,1908,3143712
Portugal,PRT,1909,3195008
Portugal,PRT,1910,3249968
Portugal,PRT,1911,3143712
Portugal,PRT,1912,3653008
Portugal,PRT,1913,3858192
Portugal,PRT,1914,3374544
Portugal,PRT,1915,3085088
Portugal,PRT,1916,2989824
Portugal,PRT,1917,1656128
Portugal,PRT,1918,1095536
Portugal,PRT,1919,2158096
Portugal,PRT,1920,2103136
Portugal,PRT,1921,2147104
Portugal,PRT,1922,2960512
Portugal,PRT,1923,2678384
Portugal,PRT,1924,3030128
Portugal,PRT,1925,3121728
Portugal,PRT,1926,3136384
Portugal,PRT,1927,3631024
Portugal,PRT,1928,3993463
Portugal,PRT,1929,3967755
Portugal,PRT,1930,4323133
Portugal,PRT,1931,3920094
Portugal,PRT,1932,3388725
Portugal,PRT,1933,3996770
Portugal,PRT,1934,4095608.2
Portugal,PRT,1935,4377618
Portugal,PRT,1936,4128347
Portugal,PRT,1937,4930705
Portugal,PRT,1938,4117266.2
Portugal,PRT,1939,4751019
Portugal,PRT,1940,3897397
Portugal,PRT,1941,3780149
Portugal,PRT,1942,3025483
Portugal,PRT,1943,2941183
Portugal,PRT,1944,3245322
Portugal,PRT,1945,3336834
Portugal,PRT,1946,3889861
Portugal,PRT,1947,5541908
Portugal,PRT,1948,5252155
Portugal,PRT,1949,5519538
Portugal,PRT,1950,5618258
Portugal,PRT,1951,5394485
Portugal,PRT,1952,5350162
Portugal,PRT,1953,5928896
Portugal,PRT,1954,5789634
Portugal,PRT,1955,6460148
Portugal,PRT,1956,7162653
Portugal,PRT,1957,7782048
Portugal,PRT,1958,7554701
Portugal,PRT,1959,7979696
Portugal,PRT,1960,8213507.5
Portugal,PRT,1961,9078034
Portugal,PRT,1962,9289892
Portugal,PRT,1963,10011581
Portugal,PRT,1964,11007419
Portugal,PRT,1965,11582457
Portugal,PRT,1966,11835094
Portugal,PRT,1967,12391606
Portugal,PRT,1968,12992354
Portugal,PRT,1969,14592807
Portugal,PRT,1970,15236482
Portugal,PRT,1971,16375965
Portugal,PRT,1972,18307310
Portugal,PRT,1973,19945068
Portugal,PRT,1974,20644926
Portugal,PRT,1975,21275220
Portugal,PRT,1976,22325776
Portugal,PRT,1977,22604974
Portugal,PRT,1978,22584778
Portugal,PRT,1979,24855616
Portugal,PRT,1980,26773498
Portugal,PRT,1981,27000480
Portugal,PRT,1982,28999878
Portugal,PRT,1983,29901626
Portugal,PRT,1984,28793810
Portugal,PRT,1985,27132976
Portugal,PRT,1986,30221142
Portugal,PRT,1987,31198344
Portugal,PRT,1988,32567554
Portugal,PRT,1989,40822224
Portugal,PRT,1990,45310736
Portugal,PRT,1991,46879396
Portugal,PRT,1992,50956710
Portugal,PRT,1993,49468972
Portugal,PRT,1994,50242740
Portugal,PRT,1995,54502868
Portugal,PRT,1996,51799536
Portugal,PRT,1997,54669410
Portugal,PRT,1998,59210880
Portugal,PRT,1999,66878196
Portugal,PRT,2000,65503640
Portugal,PRT,2001,65187332
Portugal,PRT,2002,69582590
Portugal,PRT,2003,64482050
Portugal,PRT,2004,67302350
Portugal,PRT,2005,69639784
Portugal,PRT,2006,64856124
Portugal,PRT,2007,62380100
Portugal,PRT,2008,60009650
Portugal,PRT,2009,57147000
Portugal,PRT,2010,52889936
Portugal,PRT,2011,51783668
Portugal,PRT,2012,49931980
Portugal,PRT,2013,48146200
Portugal,PRT,2014,47942332
Portugal,PRT,2015,52233050
Portugal,PRT,2016,50310916
Portugal,PRT,2017,55165156
Portugal,PRT,2018,51340276
Portugal,PRT,2019,47583050
Portugal,PRT,2020,41738144
Portugal,PRT,2021,40299850
Portugal,PRT,2022,40722496
Portugal,PRT,2023,37622040
Portugal,PRT,2024,35538852
Romania,ROU,1858,3664
Romania,ROU,1859,3664
Romania,ROU,1860,3664
Romania,ROU,1861,7328
Romania,ROU,1862,10992
Romania,ROU,1863,10992
Romania,ROU,1864,14656
Romania,ROU,1865,14656
Romania,ROU,1866,18320
Romania,ROU,1867,21984
Romania,ROU,1868,25648
Romania,ROU,1869,25648
Romania,ROU,1870,36640
Romania,ROU,1871,40304
Romania,ROU,1872,40304
Romania,ROU,1873,43968
Romania,ROU,1874,43968
Romania,ROU,1875,47632
Romania,ROU,1876,47632
Romania,ROU,1877,47632
Romania,ROU,1878,47632
Romania,ROU,1879,47632
Romania,ROU,1880,47632
Romania,ROU,1881,51296
Romania,ROU,1882,223504
Romania,ROU,1883,406704
Romania,ROU,1884,472656
Romania,ROU,1885,450672
Romania,ROU,1886,483648
Romania,ROU,1887,527616
Romania,ROU,1888,630208
Romania,ROU,1889,644864
Romania,ROU,1890,806080
Romania,ROU,1891,1117520
Romania,ROU,1892,1051568
Romania,ROU,1893,1135840
Romania,ROU,1894,1040576
Romania,ROU,1895,1077216
Romania,ROU,1896,1117520
Romania,ROU,1897,1297056
Romania,ROU,1898,1711088
Romania,ROU,1899,1612160
Romania,ROU,1900,1238432
Romania,ROU,1901,1593840
Romania,ROU,1902,1590176
Romania,ROU,1903,1846656
Romania,ROU,1904,2187408
Romania,ROU,1905,2660064
Romania,ROU,1906,3598048
Romania,ROU,1907,4558016
Romania,ROU,1908,4385808
Romania,ROU,1909,4858464
Romania,ROU,1910,4818160
Romania,ROU,1911,5774464
Romania,ROU,1912,6012624
Romania,ROU,1913,6990912
Romania,ROU,1914,5785456
Romania,ROU,1915,5144256
Romania,ROU,1916,2997152
Romania,ROU,1917,2513504
Romania,ROU,1918,3187680
Romania,ROU,1919,4664272
Romania,ROU,1920,5485008
Romania,ROU,1921,5917360
Romania,ROU,1922,7141136
Romania,ROU,1923,8474832
Romania,ROU,1924,10006384
Romania,ROU,1925,11710144
Romania,ROU,1926,14502112
Romania,ROU,1927,16125263
Romania,ROU,1928,18271030
Romania,ROU,1929,20491474
Romania,ROU,1930,23242812
Romania,ROU,1931,25848718
Romania,ROU,1932,27358226
Romania,ROU,1933,27310566
Romania,ROU,1934,31659346
Romania,ROU,1935,31530840
Romania,ROU,1936,33154018
Romania,ROU,1937,28463774
Romania,ROU,1938,26712412
Romania,ROU,1939,25187860
Romania,ROU,1940,23946298
Romania,ROU,1941,22545760
Romania,ROU,1942,23671618
Romania,ROU,1943,22106734
Romania,ROU,1944,15057732
Romania,ROU,1945,18905230
Romania,ROU,1946,17465010
Romania,ROU,1947,16347075
Romania,ROU,1948,23374508
Romania,ROU,1949,23113918
Romania,ROU,1950,19416586
Romania,ROU,1951,22503346
Romania,ROU,1952,26631218
Romania,ROU,1953,30627036
Romania,ROU,1954,33504468
Romania,ROU,1955,36782410
Romania,ROU,1956,40779180
Romania,ROU,1957,45929720
Romania,ROU,1958,49794348
Romania,ROU,1959,50643268
Romania,ROU,1960,53394132
Romania,ROU,1961,55716068
Romania,ROU,1962,63812790
Romania,ROU,1963,69455450
Romania,ROU,1964,72037020
Romania,ROU,1965,78636910
Romania,ROU,1966,84090540
Romania,ROU,1967,92028880
Romania,ROU,1968,100075864
Romania,ROU,1969,111523896
Romania,ROU,1970,119981360
Romania,ROU,1971,125660030
Romania,ROU,1972,132207890
Romania,ROU,1973,144690800
Romania,ROU,1974,150611440
Romania,ROU,1975,161861600
Romania,ROU,1976,174278100
Romania,ROU,1977,177832510
Romania,ROU,1978,193243920
Romania,ROU,1979,195323570
Romania,ROU,1980,195806610
Romania,ROU,1981,197322540
Romania,ROU,1982,194876910
Romania,ROU,1983,199663380
Romania,ROU,1984,188323360
Romania,ROU,1985,193449170
Romania,ROU,1986,201073260
Romania,ROU,1987,211024290
Romania,ROU,1988,211567800
Romania,ROU,1989,212969520
Romania,ROU,1990,176535100
Romania,ROU,1991,142258080
Romania,ROU,1992,132002824
Romania,ROU,1993,122709180
Romania,ROU,1994,120868470
Romania,ROU,1995,125675384
Romania,ROU,1996,129117050
Romania,ROU,1997,118114570
Romania,ROU,1998,104783420
Romania,ROU,1999,88898600
Romania,ROU,2000,93206264
Romania,ROU,2001,98928060
Romania,ROU,2002,99068890
Romania,ROU,2003,103707360
Romania,ROU,2004,103232620
Romania,ROU,2005,101336590
Romania,ROU,2006,104290000
Romania,ROU,2007,108496600
Romania,ROU,2008,106997310
Romania,ROU,2009,87805750
Romania,ROU,2010,84487900
Romania,ROU,2011,92390700
Romania,ROU,2012,89847710
Romania,ROU,2013,78795464
Romania,ROU,2014,79335350
Romania,ROU,2015,78045990
Romania,ROU,2016,76586910
Romania,ROU,2017,79432344
Romania,ROU,2018,79874424
Romania,ROU,2019,76690350
Romania,ROU,2020,73946380
Romania,ROU,2021,77501260
Romania,ROU,2022,73186024
Romania,ROU,2023,67866024
Romania,ROU,2024,68551400
Slovakia,SVK,1860,65095
Slovakia,SVK,1861,214011
Slovakia,SVK,1862,363818
Slovakia,SVK,1863,513625.03
Slovakia,SVK,1864,663433
Slovakia,SVK,1865,813240
Slovakia,SVK,1866,963047
Slovakia,SVK,1867,1111963
Slovakia,SVK,1868,1261770
Slovakia,SVK,1869,1411578
Slovakia,SVK,1870,1561385
Slovakia,SVK,1871,1711192
Slovakia,SVK,1872,1860108
Slovakia,SVK,1873,2009915.1
Slovakia,SVK,1874,2159723
Slovakia,SVK,1875,2309530
Slovakia,SVK,1876,3992188
Slovakia,SVK,1877,4194606
Slovakia,SVK,1878,4397025
Slovakia,SVK,1879,4725174
Slovakia,SVK,1880,5006063
Slovakia,SVK,1881,5286952
Slovakia,SVK,1882,5406441
Slovakia,SVK,1883,5774717
Slovakia,SVK,1884,5964652
Slovakia,SVK,1885,6262483
Slovakia,SVK,1886,6583499
Slovakia,SVK,1887,6915215
Slovakia,SVK,1888,7411898
Slovakia,SVK,1889,7847053
Slovakia,SVK,1890,8391888
Slovakia,SVK,1891,8700419
Slovakia,SVK,1892,8832393
Slovakia,SVK,1893,9028569
Slovakia,SVK,1894,9255063
Slovakia,SVK,1895,9605506
Slovakia,SVK,1896,9841809
Slovakia,SVK,1897,10416070
Slovakia,SVK,1898,10648807
Slovakia,SVK,1899,10925237
Slovakia,SVK,1900,10845875
Slovakia,SVK,1901,11332749
Slovakia,SVK,1902,11484340
Slovakia,SVK,1903,11700134
Slovakia,SVK,1904,11814273
Slovakia,SVK,1905,12162040
Slovakia,SVK,1906,12700633
Slovakia,SVK,1907,13348015
Slovakia,SVK,1908,13594127
Slovakia,SVK,1909,13511198
Slovakia,SVK,1910,13370307
Slovakia,SVK,1911,13539732
Slovakia,SVK,1912,14406475
Slovakia,SVK,1913,15069016
Slovakia,SVK,1914,13737692
Slovakia,SVK,1915,13707374
Slovakia,SVK,1916,14589276
Slovakia,SVK,1917,13718966
Slovakia,SVK,1918,11696567
Slovakia,SVK,1919,11050077
Slovakia,SVK,1920,10959122
Slovakia,SVK,1921,10524859
Slovakia,SVK,1922,9393279
Slovakia,SVK,1923,9928305
Slovakia,SVK,1924,12186116
Slovakia,SVK,1925,11468289
Slovakia,SVK,1926,11627905
Slovakia,SVK,1927,12478597
Slovakia,SVK,1928,13138463
Slovakia,SVK,1929,14697173
Slovakia,SVK,1930,12910678
Slovakia,SVK,1931,12076943
Slovakia,SVK,1932,10524562
Slovakia,SVK,1933,9630734
Slovakia,SVK,1934,9618395
Slovakia,SVK,1935,9900622
Slovakia,SVK,1936,10756589
Slovakia,SVK,1937,13025853
Slovakia,SVK,1938,14985195
Slovakia,SVK,1939,16452713
Slovakia,SVK,1940,18547246
Slovakia,SVK,1941,18665074
Slovakia,SVK,1942,20131072
Slovakia,SVK,1943,22226332
Slovakia,SVK,1944,21204876
Slovakia,SVK,1945,11253387
Slovakia,SVK,1946,13970608
Slovakia,SVK,1947,15840862
Slovakia,SVK,1948,17115756
Slovakia,SVK,1949,17992512
Slovakia,SVK,1950,18522230
Slovakia,SVK,1951,19734444
Slovakia,SVK,1952,21101080
Slovakia,SVK,1953,21869260
Slovakia,SVK,1954,23350690
Slovakia,SVK,1955,24232922
Slovakia,SVK,1956,26003442
Slovakia,SVK,1957,27143728
Slovakia,SVK,1958,29658546
Slovakia,SVK,1959,29668822
Slovakia,SVK,1960,31648492
Slovakia,SVK,1961,34352468
Slovakia,SVK,1962,36608612
Slovakia,SVK,1963,38535790
Slovakia,SVK,1964,40107324
Slovakia,SVK,1965,39065960
Slovakia,SVK,1966,38836710
Slovakia,SVK,1967,38742904
Slovakia,SVK,1968,40545964
Slovakia,SVK,1969,43049700
Slovakia,SVK,1970,49369216
Slovakia,SVK,1971,51785710
Slovakia,SVK,1972,52265980
Slovakia,SVK,1973,52475640
Slovakia,SVK,1974,53076050
Slovakia,SVK,1975,55542624
Slovakia,SVK,1976,57714040
Slovakia,SVK,1977,59452210
Slovakia,SVK,1978,59990784
Slovakia,SVK,1979,58425500
Slovakia,SVK,1980,59116172
Slovakia,SVK,1981,58473610
Slovakia,SVK,1982,57917016
Slovakia,SVK,1983,57998390
Slovakia,SVK,1984,59973720
Slovakia,SVK,1985,59167052
Slovakia,SVK,1986,59584010
Slovakia,SVK,1987,58886020
Slovakia,SVK,1988,57919548
Slovakia,SVK,1989,55271864
Slovakia,SVK,1990,61528540
Slovakia,SVK,1991,53333930
Slovakia,SVK,1992,48930976
Slovakia,SVK,1993,46394332
Slovakia,SVK,1994,43803520
Slovakia,SVK,1995,44194172
Slovakia,SVK,1996,44075516
Slovakia,SVK,1997,44147080
Slovakia,SVK,1998,43877524
Slovakia,SVK,1999,43088350
Slovakia,SVK,2000,41187040
Slovakia,SVK,2001,43272724
Slovakia,SVK,2002,42033700
Slovakia,SVK,2003,42359228
Slovakia,SVK,2004,42856560
Slovakia,SVK,2005,42857268
Slovakia,SVK,2006,42639350
Slovakia,SVK,2007,41031852
Slovakia,SVK,2008,41425300
Slovakia,SVK,2009,37681124
Slovakia,SVK,2010,38464356
Slovakia,SVK,2011,38045108
Slovakia,SVK,2012,35961410
Slovakia,SVK,2013,35621708
Slovakia,SVK,2014,33708172
Slovakia,SVK,2015,34527856
Slovakia,SVK,2016,34977550
Slovakia,SVK,2017,36183944
Slovakia,SVK,2018,36184068
Slovakia,SVK,2019,33853190
Slovakia,SVK,2020,31176160
Slovakia,SVK,2021,35251324
Slovakia,SVK,2022,31589464
Slovakia,SVK,2023,30766244
Slovakia,SVK,2024,29090958
Slovenia,SVN,1885,3737
Slovenia,SVN,1890,11211
Slovenia,SVN,1891,13080
Slovenia,SVN,1892,14481
Slovenia,SVN,1893,25692
Slovenia,SVN,1894,49048
Slovenia,SVN,1895,49048
Slovenia,SVN,1896,54654
Slovenia,SVN,1897,42509
Slovenia,SVN,1898,64464.004
Slovenia,SVN,1899,75208
Slovenia,SVN,1900,101834
Slovenia,SVN,1901,111176
Slovenia,SVN,1902,104169
Slovenia,SVN,1903,113045
Slovenia,SVN,1904,120519
Slovenia,SVN,1905,130796
Slovenia,SVN,1906,156488
Slovenia,SVN,1907,159290
Slovenia,SVN,1908,171436
Slovenia,SVN,1909,176107
Slovenia,SVN,1910,174238
Slovenia,SVN,1911,188719
Slovenia,SVN,1912,193391
Slovenia,SVN,1913,531124
Slovenia,SVN,1919,380709
Slovenia,SVN,1920,505432
Slovenia,SVN,1921,538131
Slovenia,SVN,1922,781971
Slovenia,SVN,1923,852975
Slovenia,SVN,1924,874462
Slovenia,SVN,1925,959947
Slovenia,SVN,1926,934722
Slovenia,SVN,1927,1056175
Slovenia,SVN,1928,1193688
Slovenia,SVN,1929,1308424
Slovenia,SVN,1930,1231348
Slovenia,SVN,1931,1131502
Slovenia,SVN,1932,1032645
Slovenia,SVN,1933,955226
Slovenia,SVN,1934,994305
Slovenia,SVN,1935,1040205
Slovenia,SVN,1936,1026726
Slovenia,SVN,1937,1144575
Slovenia,SVN,1938,1083227
Slovenia,SVN,1939,1137282
Slovenia,SVN,1940,1313562
Slovenia,SVN,1943,46525
Slovenia,SVN,1944,11678
Slovenia,SVN,1945,662782
Slovenia,SVN,1946,1307330
Slovenia,SVN,1947,1816099
Slovenia,SVN,1948,2048500
Slovenia,SVN,1949,2340658
Slovenia,SVN,1950,2242563
Slovenia,SVN,1951,2122482
Slovenia,SVN,1952,2130740
Slovenia,SVN,1953,2116056
Slovenia,SVN,1954,2526262
Slovenia,SVN,1955,2893971
Slovenia,SVN,1956,3311597
Slovenia,SVN,1957,3593917
Slovenia,SVN,1958,3540322
Slovenia,SVN,1959,4062086
Slovenia,SVN,1960,4438241
Slovenia,SVN,1961,4657205
Slovenia,SVN,1962,4778336
Slovenia,SVN,1963,5315445
Slovenia,SVN,1964,6023552
Slovenia,SVN,1965,6198301
Slovenia,SVN,1966,6140956
Slovenia,SVN,1967,6202874
Slovenia,SVN,1968,6632873
Slovenia,SVN,1969,6877283
Slovenia,SVN,1970,8992056
Slovenia,SVN,1971,9685128
Slovenia,SVN,1972,9062539
Slovenia,SVN,1973,10827372
Slovenia,SVN,1974,10865980
Slovenia,SVN,1975,11330426
Slovenia,SVN,1976,11684040
Slovenia,SVN,1977,11349432
Slovenia,SVN,1978,12680090
Slovenia,SVN,1979,13789691
Slovenia,SVN,1980,13544972
Slovenia,SVN,1981,14726261
Slovenia,SVN,1982,13509937
Slovenia,SVN,1983,14551781
Slovenia,SVN,1984,15349540
Slovenia,SVN,1985,15657944
Slovenia,SVN,1986,16351864
Slovenia,SVN,1987,15935209
Slovenia,SVN,1988,16514572
Slovenia,SVN,1989,16434435
Slovenia,SVN,1990,15097327
Slovenia,SVN,1991,13976541
Slovenia,SVN,1992,13885939
Slovenia,SVN,1993,14254250
Slovenia,SVN,1994,14639140
Slovenia,SVN,1995,15356992
Slovenia,SVN,1996,16002613
Slovenia,SVN,1997,16512503
Slovenia,SVN,1998,16044565
Slovenia,SVN,1999,15418648
Slovenia,SVN,2000,15059753
Slovenia,SVN,2001,16309183
Slovenia,SVN,2002,16570911
Slovenia,SVN,2003,16278082
Slovenia,SVN,2004,16710709
Slovenia,SVN,2005,16941976
Slovenia,SVN,2006,17184160
Slovenia,SVN,2007,17349082
Slovenia,SVN,2008,18284604
Slovenia,SVN,2009,16209410
Slovenia,SVN,2010,16465506
Slovenia,SVN,2011,16364208
Slovenia,SVN,2012,15765101
Slovenia,SVN,2013,15136785
Slovenia,SVN,2014,13568340
Slovenia,SVN,2015,13658673
Slovenia,SVN,2016,14468012
Slovenia,SVN,2017,14637193
Slovenia,SVN,2018,14563352
Slovenia,SVN,2019,14053007
Slovenia,SVN,2020,12872991
Slovenia,SVN,2021,13076158
Slovenia,SVN,2022,12727840
Slovenia,SVN,2023,12012164
Slovenia,SVN,2024,12751194
Spain,ESP,1830,3664
Spain,ESP,1831,3664
Spain,ESP,1832,3664
Spain,ESP,1833,3664
Spain,ESP,1834,3664
Spain,ESP,1835,3664
Spain,ESP,1836,21984
Spain,ESP,1837,36640
Spain,ESP,1838,25648
Spain,ESP,1839,47632
Spain,ESP,1840,36640
Spain,ESP,1841,102592
Spain,ESP,1842,142896
Spain,ESP,1843,172208
Spain,ESP,1844,201520
Spain,ESP,1845,274800
Spain,ESP,1846,282128
Spain,ESP,1847,260144
Spain,ESP,1848,293120
Spain,ESP,1849,326096
Spain,ESP,1850,494640
Spain,ESP,1851,509296
Spain,ESP,1852,534944
Spain,ESP,1853,652192
Spain,ESP,1854,549600
Spain,ESP,1855,553264
Spain,ESP,1856,754784
Spain,ESP,1857,850048
Spain,ESP,1858,1150496
Spain,ESP,1859,1630480
Spain,ESP,1860,1930928
Spain,ESP,1861,2004208.1
Spain,ESP,1862,2187408
Spain,ESP,1863,2432896
Spain,ESP,1864,2333968
Spain,ESP,1865,2304656
Spain,ESP,1866,2290000
Spain,ESP,1867,2557472
Spain,ESP,1868,2660064
Spain,ESP,1869,2638080
Spain,ESP,1870,3074096
Spain,ESP,1871,2938528
Spain,ESP,1872,3260960
Spain,ESP,1873,3136384
Spain,ESP,1874,3118064
Spain,ESP,1875,3290272
Spain,ESP,1876,3568736
Spain,ESP,1877,3781248
Spain,ESP,1878,3755600
Spain,ESP,1879,3971776
Spain,ESP,1880,4415120
Spain,ESP,1881,4931744
Spain,ESP,1882,5382416
Spain,ESP,1883,5902704
Spain,ESP,1884,5869728
Spain,ESP,1885,5759808
Spain,ESP,1886,6093232
Spain,ESP,1887,6140864
Spain,ESP,1888,6433984
Spain,ESP,1889,6822368
Spain,ESP,1890,7338992
Spain,ESP,1891,7939888
Spain,ESP,1892,8298959.5
Spain,ESP,1893,8119424
Spain,ESP,1894,8734976
Spain,ESP,1895,8603072
Spain,ESP,1896,9302896
Spain,ESP,1897,9544720
Spain,ESP,1898,9372512
Spain,ESP,1899,10625600
Spain,ESP,1900,11219168
Spain,ESP,1901,11805408
Spain,ESP,1902,12336688
Spain,ESP,1903,12175472
Spain,ESP,1904,12992544
Spain,ESP,1905,13571456
Spain,ESP,1906,13860912
Spain,ESP,1907,14095408
Spain,ESP,1908,14784240
Spain,ESP,1909,15165296
Spain,ESP,1910,14894160
Spain,ESP,1911,14729280
Spain,ESP,1912,15982368
Spain,ESP,1913,17418656
Spain,ESP,1914,17301408
Spain,ESP,1915,15311856
Spain,ESP,1916,17865664
Spain,ESP,1917,15850464
Spain,ESP,1918,16733488
Spain,ESP,1919,15927408
Spain,ESP,1920,14055104
Spain,ESP,1921,14846528
Spain,ESP,1922,14941792
Spain,ESP,1923,17213472
Spain,ESP,1924,18389616
Spain,ESP,1925,19052800
Spain,ESP,1926,18378624
Spain,ESP,1927,21445392
Spain,ESP,1928,21508768
Spain,ESP,1929,23969846
Spain,ESP,1930,23636364
Spain,ESP,1931,22530666
Spain,ESP,1932,21175820
Spain,ESP,1933,18706372
Spain,ESP,1934,20245432
Spain,ESP,1935,22454852
Spain,ESP,1936,8054700
Spain,ESP,1937,5245303
Spain,ESP,1938,13220969
Spain,ESP,1939,15713746
Spain,ESP,1940,21618628
Spain,ESP,1941,21508380
Spain,ESP,1942,23058224
Spain,ESP,1943,23849440
Spain,ESP,1944,25790766
Spain,ESP,1945,28267302
Spain,ESP,1946,28086876
Spain,ESP,1947,31171814
Spain,ESP,1948,32713764
Spain,ESP,1949,35755212
Spain,ESP,1950,33013576
Spain,ESP,1951,33060330
Spain,ESP,1952,37555016
Spain,ESP,1953,38902332
Spain,ESP,1954,39695212
Spain,ESP,1955,40257380
Spain,ESP,1956,42322080
Spain,ESP,1957,50213350
Spain,ESP,1958,55865480
Spain,ESP,1959,52075268
Spain,ESP,1960,48862124
Spain,ESP,1961,53603416
Spain,ESP,1962,59975850
Spain,ESP,1963,58742904
Spain,ESP,1964,64323810
Spain,ESP,1965,71020450
Spain,ESP,1966,77617016
Spain,ESP,1967,86393976
Spain,ESP,1968,97006240
Spain,ESP,1969,96729000
Spain,ESP,1970,116766220
Spain,ESP,1971,128458560
Spain,ESP,1972,144716020
Spain,ESP,1973,154957340
Spain,ESP,1974,172665700
Spain,ESP,1975,181053860
Spain,ESP,1976,197749380
Spain,ESP,1977,194829090
Spain,ESP,1978,199513870
Spain,ESP,1979,202746540
Spain,ESP,1980,213915330
Spain,ESP,1981,206099620
Spain,ESP,1982,208594860
Spain,ESP,1983,203446140
Spain,ESP,1984,197707500
Spain,ESP,1985,199942610
Spain,ESP,1986,189123660
Spain,ESP,1987,189515380
Spain,ESP,1988,197461570
Spain,ESP,1989,224892960
Spain,ESP,1990,229382620
Spain,ESP,1991,239290670
Spain,ESP,1992,247686580
Spain,ESP,1993,239099310
Spain,ESP,1994,251388200
Spain,ESP,1995,265068580
Spain,ESP,1996,252561920
Spain,ESP,1997,264899440
Spain,ESP,1998,273649820
Spain,ESP,1999,297024900
Spain,ESP,2000,309259520
Spain,ESP,2001,311031300
Spain,ESP,2002,331028200
Spain,ESP,2003,335538900
Spain,ESP,2004,352139300
Spain,ESP,2005,367447070
Spain,ESP,2006,358869470
Spain,ESP,2007,366468500
Spain,ESP,2008,335284450
Spain,ESP,2009,296159330
Spain,ESP,2010,282585100
Spain,ESP,2011,283275040
Spain,ESP,2012,277432160
Spain,ESP,2013,252109170
Spain,ESP,2014,253657840
Spain,ESP,2015,270248030
Spain,ESP,2016,259554690
Spain,ESP,2017,273483870
Spain,ESP,2018,268520600
Spain,ESP,2019,250673650
Spain,ESP,2020,211764740
Spain,ESP,2021,228805710
Spain,ESP,2022,234223470
Spain,ESP,2023,215460750
Spain,ESP,2024,220341280
Sweden,SWE,1834,32976
Sweden,SWE,1839,43968
Sweden,SWE,1840,40304
Sweden,SWE,1841,40304
Sweden,SWE,1842,80608
Sweden,SWE,1843,58624
Sweden,SWE,1844,98928
Sweden,SWE,1845,87936
Sweden,SWE,1846,80608
Sweden,SWE,1847,80608
Sweden,SWE,1848,139232
Sweden,SWE,1849,194192
Sweden,SWE,1850,201520
Sweden,SWE,1851,216176
Sweden,SWE,1852,216176
Sweden,SWE,1853,227168
Sweden,SWE,1854,337088
Sweden,SWE,1855,315104
Sweden,SWE,1856,476320
Sweden,SWE,1857,611888
Sweden,SWE,1858,512960.03
Sweden,SWE,1859,754784
Sweden,SWE,1860,751120
Sweden,SWE,1861,967296
Sweden,SWE,1862,985616
Sweden,SWE,1863,985616
Sweden,SWE,1864,1036911.94
Sweden,SWE,1865,1080880
Sweden,SWE,1866,1113856
Sweden,SWE,1867,1036911.94
Sweden,SWE,1868,1223776
Sweden,SWE,1869,1088208
Sweden,SWE,1870,1341024
Sweden,SWE,1871,1432624
Sweden,SWE,1872,1711088
Sweden,SWE,1873,1736736
Sweden,SWE,1874,1872304
Sweden,SWE,1875,2275344
Sweden,SWE,1876,2429232
Sweden,SWE,1877,2572128
Sweden,SWE,1878,2180080
Sweden,SWE,1879,2213056
Sweden,SWE,1880,2828608
Sweden,SWE,1881,2751664
Sweden,SWE,1882,3147376
Sweden,SWE,1883,3216992
Sweden,SWE,1884,3550416
Sweden,SWE,1885,3828880
Sweden,SWE,1886,3751936
Sweden,SWE,1887,3803232
Sweden,SWE,1888,4246576
Sweden,SWE,1889,4957392
Sweden,SWE,1890,4946400
Sweden,SWE,1891,5279824
Sweden,SWE,1892,5250512
Sweden,SWE,1893,5279824
Sweden,SWE,1894,5891712
Sweden,SWE,1895,5954000
Sweden,SWE,1896,6155520
Sweden,SWE,1897,6855344
Sweden,SWE,1898,7298688
Sweden,SWE,1899,9134352
Sweden,SWE,1900,9170992
Sweden,SWE,1901,8522464
Sweden,SWE,1902,8925504
Sweden,SWE,1903,9804864
Sweden,SWE,1904,10325152
Sweden,SWE,1905,10163936
Sweden,SWE,1906,11292448
Sweden,SWE,1907,12772704
Sweden,SWE,1908,13755428
Sweden,SWE,1909,12669882
Sweden,SWE,1910,13117328
Sweden,SWE,1911,12792751
Sweden,SWE,1912,14187705
Sweden,SWE,1913,15953268
Sweden,SWE,1914,14985189
Sweden,SWE,1915,15101660
Sweden,SWE,1916,15931912
Sweden,SWE,1917,6903629
Sweden,SWE,1918,8115357.5
Sweden,SWE,1919,7797207
Sweden,SWE,1920,10542065
Sweden,SWE,1921,6133385
Sweden,SWE,1922,10126600
Sweden,SWE,1923,12294173
Sweden,SWE,1924,14642477
Sweden,SWE,1925,13119573
Sweden,SWE,1926,12769362
Sweden,SWE,1927,17874824
Sweden,SWE,1928,16244894
Sweden,SWE,1929,19369774
Sweden,SWE,1930,18932354
Sweden,SWE,1931,18944282
Sweden,SWE,1932,18736918
Sweden,SWE,1933,19517262
Sweden,SWE,1934,21732500
Sweden,SWE,1935,22864024
Sweden,SWE,1936,25047560
Sweden,SWE,1937,28942064
Sweden,SWE,1938,26134964
Sweden,SWE,1939,29299888
Sweden,SWE,1940,18474730
Sweden,SWE,1941,15041770
Sweden,SWE,1942,13022192
Sweden,SWE,1943,15835729
Sweden,SWE,1944,12442329
Sweden,SWE,1945,4549445
Sweden,SWE,1946,17376102
Sweden,SWE,1947,25092130
Sweden,SWE,1948,30800910
Sweden,SWE,1949,26831936
Sweden,SWE,1950,28659138
Sweden,SWE,1951,33480728
Sweden,SWE,1952,34564944
Sweden,SWE,1953,32559788
Sweden,SWE,1954,34504924
Sweden,SWE,1955,39106670
Sweden,SWE,1956,43382680
Sweden,SWE,1957,38846824
Sweden,SWE,1958,42074570
Sweden,SWE,1959,42392060
Sweden,SWE,1960,49170520
Sweden,SWE,1961,48803060
Sweden,SWE,1962,51272696
Sweden,SWE,1963,55313170
Sweden,SWE,1964,60368180
Sweden,SWE,1965,62565764
Sweden,SWE,1966,72517360
Sweden,SWE,1967,68929740
Sweden,SWE,1968,77609600
Sweden,SWE,1969,86384710
Sweden,SWE,1970,92287020
Sweden,SWE,1971,84508860
Sweden,SWE,1972,84703224
Sweden,SWE,1973,87289530
Sweden,SWE,1974,79822840
Sweden,SWE,1975,80760184
Sweden,SWE,1976,88240910
Sweden,SWE,1977,85740390
Sweden,SWE,1978,79476536
Sweden,SWE,1979,84868580
Sweden,SWE,1980,71713690
Sweden,SWE,1981,69388504
Sweden,SWE,1982,62256744
Sweden,SWE,1983,58268316
Sweden,SWE,1984,57308090
Sweden,SWE,1985,62364010
Sweden,SWE,1986,62009780
Sweden,SWE,1987,59694708
Sweden,SWE,1988,57425120
Sweden,SWE,1989,55520856
Sweden,SWE,1990,57416508
Sweden,SWE,1991,57663956
Sweden,SWE,1992,57509810
Sweden,SWE,1993,57516756
Sweden,SWE,1994,59997400
Sweden,SWE,1995,59487264
Sweden,SWE,1996,63349024
Sweden,SWE,1997,58355300
Sweden,SWE,1998,58767172
Sweden,SWE,1999,55936620
Sweden,SWE,2000,54892390
Sweden,SWE,2001,55782308
Sweden,SWE,2002,56633796
Sweden,SWE,2003,57220990
Sweden,SWE,2004,56427524
Sweden,SWE,2005,53787480
Sweden,SWE,2006,53650844
Sweden,SWE,2007,52878800
Sweden,SWE,2008,50765440
Sweden,SWE,2009,47143308
Sweden,SWE,2010,53028584
Sweden,SWE,2011,49113770
Sweden,SWE,2012,46606916
Sweden,SWE,2013,45105884
Sweden,SWE,2014,43384748
Sweden,SWE,2015,43310144
Sweden,SWE,2016,43308376
Sweden,SWE,2017,42355424
Sweden,SWE,2018,41856004
Sweden,SWE,2019,40772480
Sweden,SWE,2020,36622220
Sweden,SWE,2021,38567984
Sweden,SWE,2022,36342156
Sweden,SWE,2023,36708596
Sweden,SWE,2024,38096652