Entity,Code,Year,Annual CO₂ emissions from land-use change
Austria,AUT,1850,3821955
Austria,AUT,1851,3770439.2
Austria,AUT,1852,3739881.5
Austria,AUT,1853,3740760.8
Austria,AUT,1854,3660189.5
Austria,AUT,1855,3756149.5
Austria,AUT,1856,3626444
Austria,AUT,1857,3704230.8
Austria,AUT,1858,3764137.2
Austria,AUT,1859,3667627.5
Austria,AUT,1860,4138818
Austria,AUT,1861,4142701.8
Austria,AUT,1862,4277280
Austria,AUT,1863,4350121
Austria,AUT,1864,4412335
Austria,AUT,1865,4534896
Austria,AUT,1866,4542920
Austria,AUT,1867,4700179
Austria,AUT,1868,4680210
Austria,AUT,1869,4785403.5
Austria,AUT,1870,4855532.5
Austria,AUT,1871,4993482
Austria,AUT,1872,5056466.5
Austria,AUT,1873,5081675
Austria,AUT,1874,5116300
Austria,AUT,1875,5223508
Austria,AUT,1876,5286492.5
Austria,AUT,1877,5358673.5
Austria,AUT,1878,5406305.5
Austria,AUT,1879,5378642
Austria,AUT,1880,5366074.5
Austria,AUT,1881,5232998
Austria,AUT,1882,5263665.5
Austria,AUT,1883,5289937
Austria,AUT,1884,5258866
Austria,AUT,1885,5268722
Austria,AUT,1886,5346802
Austria,AUT,1887,5342148.5
Austria,AUT,1888,5297301.5
Austria,AUT,1889,5346618.5
Austria,AUT,1890,5757719.5
Austria,AUT,1891,5898893.5
Austria,AUT,1892,6039114.5
Austria,AUT,1893,6139362
Austria,AUT,1894,6287790.5
Austria,AUT,1895,6300504.5
Austria,AUT,1896,6480223.5
Austria,AUT,1897,6567866.5
Austria,AUT,1898,6610698.5
Austria,AUT,1899,6629898.5
Austria,AUT,1900,6885975
Austria,AUT,1901,6924667
Austria,AUT,1902,7048107
Austria,AUT,1903,7094200
Austria,AUT,1904,7224418.5
Austria,AUT,1905,7233615
Austria,AUT,1906,7364017
Austria,AUT,1907,7445101.5
Austria,AUT,1908,7501380
Austria,AUT,1909,7566966.5
Austria,AUT,1910,5695395
Austria,AUT,1911,5013964.5
Austria,AUT,1912,4245550
Austria,AUT,1913,3696975.8
Austria,AUT,1914,3113484
Austria,AUT,1915,2559084.2
Austria,AUT,1916,2132264.8
Austria,AUT,1917,1648067.2
Austria,AUT,1918,1262541.1
Austria,AUT,1919,775998.56
Austria,AUT,1920,822091.7
Austria,AUT,1921,860124
Austria,AUT,1922,688172.5
Austria,AUT,1923,742729.44
Austria,AUT,1924,637206.25
Austria,AUT,1925,728769.6
Austria,AUT,1926,594520.6
Austria,AUT,1927,688575.5
Austria,AUT,1928,668460.1
Austria,AUT,1929,705026.9
Austria,AUT,1930,432864.94
Austria,AUT,1931,173014.08
Austria,AUT,1932,75661.6
Austria,AUT,1933,-61408.637
Austria,AUT,1934,-211486.1
Austria,AUT,1935,-331298.88
Austria,AUT,1936,-381605.6
Austria,AUT,1937,-532892.1
Austria,AUT,1938,-626983.7
Austria,AUT,1939,-679012.5
Austria,AUT,1940,-531463.2
Austria,AUT,1941,-466024.12
Austria,AUT,1942,-324520.47
Austria,AUT,1943,-243326.23
Austria,AUT,1944,-241604.16
Austria,AUT,1945,-228890.08
Austria,AUT,1946,-119812.8
Austria,AUT,1947,45946.56
Austria,AUT,1948,-44371.04
Austria,AUT,1949,26380.799
Austria,AUT,1950,-501345.12
Austria,AUT,1951,-816998.7
Austria,AUT,1952,-907023.2
Austria,AUT,1953,-1066187.4
Austria,AUT,1954,-1171564
Austria,AUT,1955,-1296249.9
Austria,AUT,1956,-1358318.1
Austria,AUT,1957,-1305043.6
Austria,AUT,1958,-1268550
Austria,AUT,1959,-369111.38
Austria,AUT,1960,-591149.75
Austria,AUT,1961,-841950.56
Austria,AUT,1962,-1467798.4
Austria,AUT,1963,-1517592.1
Austria,AUT,1964,-1542617.2
Austria,AUT,1965,-2473090
Austria,AUT,1966,-2569746.2
Austria,AUT,1967,-2420805
Austria,AUT,1968,-2222948.8
Austria,AUT,1969,-2234820.2
Austria,AUT,1970,-2246838
Austria,AUT,1971,-2096211
Austria,AUT,1972,-3461307.5
Austria,AUT,1973,-3476110
Austria,AUT,1974,-3563240
Austria,AUT,1975,-3391178.5
Austria,AUT,1976,-2898847
Austria,AUT,1977,-2044475.4
Austria,AUT,1978,-2917203.5
Austria,AUT,1979,-2200781.8
Austria,AUT,1980,-1005255.06
Austria,AUT,1981,-1712553.6
Austria,AUT,1982,-3984453.5
Austria,AUT,1983,-3154850.5
Austria,AUT,1984,-2891445.5
Austria,AUT,1985,-3060539.2
Austria,AUT,1986,-2908959.5
Austria,AUT,1987,-1237332.9
Austria,AUT,1988,-1700609
Austria,AUT,1989,-2013551.2
Austria,AUT,1990,-593677.94
Austria,AUT,1991,-1667156.6
Austria,AUT,1992,-2260688
Austria,AUT,1993,-1957418.8
Austria,AUT,1994,-1830277.9
Austria,AUT,1995,-2125449.8
Austria,AUT,1996,-1903997.5
Austria,AUT,1997,-1067543
Austria,AUT,1998,1279945.1
Austria,AUT,1999,65365.758
Austria,AUT,2000,-1241802.9
Austria,AUT,2001,-1615567.5
Austria,AUT,2002,-1565370.8
Austria,AUT,2003,-303562.4
Austria,AUT,2004,-911493.25
Austria,AUT,2005,-1172003.6
Austria,AUT,2006,-499183.38
Austria,AUT,2007,135128.33
Austria,AUT,2008,409561.94
Austria,AUT,2009,-243765.9
Austria,AUT,2010,-519811.72
Austria,AUT,2011,-295061.94
Austria,AUT,2012,-450781.9
Austria,AUT,2013,8647.04
Austria,AUT,2014,-38984.96
Austria,AUT,2015,-690077.75
Austria,AUT,2016,-1028228.3
Austria,AUT,2017,-686926.75
Austria,AUT,2018,-386735.2
Austria,AUT,2019,-694987.5
Austria,AUT,2020,-800510.75
Austria,AUT,2021,-523182.56
Austria,AUT,2022,-237463.84
Austria,AUT,2023,-399485.94
Austria,AUT,2024,-667947.2
Belgium,BEL,1850,4563145.5
Belgium,BEL,1851,4547683.5
Belgium,BEL,1852,4298861
Belgium,BEL,1853,4673029
Belgium,BEL,1854,4919140
Belgium,BEL,1855,4466856
Belgium,BEL,1856,4858977
Belgium,BEL,1857,5057309.5
Belgium,BEL,1858,4759316
Belgium,BEL,1859,4158053.8
Belgium,BEL,1860,5089332.5
Belgium,BEL,1861,4911225.5
Belgium,BEL,1862,4471472
Belgium,BEL,1863,4488730
Belgium,BEL,1864,4518665
Belgium,BEL,1865,4114855
Belgium,BEL,1866,3967452.8
Belgium,BEL,1867,4785257.5
Belgium,BEL,1868,4528557.5
Belgium,BEL,1869,4625543.5
Belgium,BEL,1870,5529049
Belgium,BEL,1871,5798463.5
Belgium,BEL,1872,5691035
Belgium,BEL,1873,6322232
Belgium,BEL,1874,6722011
Belgium,BEL,1875,6312266
Belgium,BEL,1876,6886011.5
Belgium,BEL,1877,7181806.5
Belgium,BEL,1878,6801410
Belgium,BEL,1879,6335606
Belgium,BEL,1880,7445541
Belgium,BEL,1881,7207491
Belgium,BEL,1882,6751249.5
Belgium,BEL,1883,6878171
Belgium,BEL,1884,7019491
Belgium,BEL,1885,6465567.5
Belgium,BEL,1886,6384007
Belgium,BEL,1887,7620864
Belgium,BEL,1888,7383143
Belgium,BEL,1889,7550954
Belgium,BEL,1890,8431487
Belgium,BEL,1891,7941867
Belgium,BEL,1892,7237133
Belgium,BEL,1893,7898082
Belgium,BEL,1894,7902991.5
Belgium,BEL,1895,7083464.5
Belgium,BEL,1896,7454738
Belgium,BEL,1897,7409890.5
Belgium,BEL,1898,6718053.5
Belgium,BEL,1899,6069049.5
Belgium,BEL,1900,7546557.5
Belgium,BEL,1901,7329099
Belgium,BEL,1902,6748941.5
Belgium,BEL,1903,6025008
Belgium,BEL,1904,6581826.5
Belgium,BEL,1905,6425007.5
Belgium,BEL,1906,5698656
Belgium,BEL,1907,5960595
Belgium,BEL,1908,5806194.5
Belgium,BEL,1909,5161843
Belgium,BEL,1910,4390571
Belgium,BEL,1911,5352188
Belgium,BEL,1912,4732715.5
Belgium,BEL,1913,3986725.2
Belgium,BEL,1914,3811439.5
Belgium,BEL,1915,3580314.2
Belgium,BEL,1916,3033059
Belgium,BEL,1917,2683550.2
Belgium,BEL,1918,3251177
Belgium,BEL,1919,2789549.8
Belgium,BEL,1920,2752360.2
Belgium,BEL,1921,3488018
Belgium,BEL,1922,3774835.8
Belgium,BEL,1923,2514237
Belgium,BEL,1924,1995414.4
Belgium,BEL,1925,1936497.2
Belgium,BEL,1926,2122372
Belgium,BEL,1927,2021868.4
Belgium,BEL,1928,2147873.5
Belgium,BEL,1929,2340893
Belgium,BEL,1930,1670161.1
Belgium,BEL,1931,1117703.1
Belgium,BEL,1932,1132908.8
Belgium,BEL,1933,1009688.5
Belgium,BEL,1934,857009.56
Belgium,BEL,1935,227937.44
Belgium,BEL,1936,98928
Belgium,BEL,1937,-319171.03
Belgium,BEL,1938,-42172.637
Belgium,BEL,1939,-605805.8
Belgium,BEL,1940,-754454.25
Belgium,BEL,1941,-841217.75
Belgium,BEL,1942,-1133751.5
Belgium,BEL,1943,-1019361.5
Belgium,BEL,1944,-1198934
Belgium,BEL,1945,-1475785.9
Belgium,BEL,1946,-1635976
Belgium,BEL,1947,-1751868.4
Belgium,BEL,1948,-1872523.9
Belgium,BEL,1949,-1793894.4
Belgium,BEL,1950,-2238007.8
Belgium,BEL,1951,-2572274.5
Belgium,BEL,1952,-2478879
Belgium,BEL,1953,-2486500.2
Belgium,BEL,1954,-2690218.8
Belgium,BEL,1955,-2688276.8
Belgium,BEL,1956,-2917826.5
Belgium,BEL,1957,-2884923.8
Belgium,BEL,1958,-3190757.8
Belgium,BEL,1959,-2992681.8
Belgium,BEL,1960,-2730486
Belgium,BEL,1961,-2876203.5
Belgium,BEL,1962,-2815637.2
Belgium,BEL,1963,-2820473.8
Belgium,BEL,1964,-2618257.8
Belgium,BEL,1965,-2722058.8
Belgium,BEL,1966,-2668564.5
Belgium,BEL,1967,-2380904
Belgium,BEL,1968,-2419009.5
Belgium,BEL,1969,-2373282.8
Belgium,BEL,1970,-2247094.5
Belgium,BEL,1971,-2048395.8
Belgium,BEL,1972,-2004281.4
Belgium,BEL,1973,-1979879
Belgium,BEL,1974,-1921914.6
Belgium,BEL,1975,-1799976.6
Belgium,BEL,1976,-1601534.4
Belgium,BEL,1977,-1727429.5
Belgium,BEL,1978,-1971525
Belgium,BEL,1979,-5617681.5
Belgium,BEL,1980,-5286419.5
Belgium,BEL,1981,-5068668
Belgium,BEL,1982,-4661084.5
Belgium,BEL,1983,-4101774.8
Belgium,BEL,1984,-3756882.2
Belgium,BEL,1985,-3571703.8
Belgium,BEL,1986,-3152505.8
Belgium,BEL,1987,-2972859.8
Belgium,BEL,1988,-2462428
Belgium,BEL,1989,-2049495.1
Belgium,BEL,1990,-1842845.5
Belgium,BEL,1991,4070337.8
Belgium,BEL,1992,2093426.4
Belgium,BEL,1993,9200414
Belgium,BEL,1994,3344829
Belgium,BEL,1995,2343054.8
Belgium,BEL,1996,3117331
Belgium,BEL,1997,3011221.8
Belgium,BEL,1998,3310827
Belgium,BEL,1999,6263315
Belgium,BEL,2000,3384436.8
Belgium,BEL,2001,2524972.2
Belgium,BEL,2002,2860191.5
Belgium,BEL,2003,3618823
Belgium,BEL,2004,4537864
Belgium,BEL,2005,2884337.5
Belgium,BEL,2006,2519476.2
Belgium,BEL,2007,2622727.8
Belgium,BEL,2008,2049678.1
Belgium,BEL,2009,2121712.5
Belgium,BEL,2010,1687272
Belgium,BEL,2011,1265179.1
Belgium,BEL,2012,2720483.2
Belgium,BEL,2013,2317919.5
Belgium,BEL,2014,3283640
Belgium,BEL,2015,4410027
Belgium,BEL,2016,2860228.2
Belgium,BEL,2017,4068872
Belgium,BEL,2018,3723210.2
Belgium,BEL,2019,3885269
Belgium,BEL,2020,3377621.8
Belgium,BEL,2021,2951278.8
Belgium,BEL,2022,3520957.2
Belgium,BEL,2023,3711046
Belgium,BEL,2024,3839359.2
Bulgaria,BGR,1850,4052383.8
Bulgaria,BGR,1851,3685837.5
Bulgaria,BGR,1852,3439543.5
Bulgaria,BGR,1853,3246560.5
Bulgaria,BGR,1854,3058963.5
Bulgaria,BGR,1855,2894889.8
Bulgaria,BGR,1856,2752030.5
Bulgaria,BGR,1857,2645298.2
Bulgaria,BGR,1858,2526364.5
Bulgaria,BGR,1859,2416481.2
Bulgaria,BGR,1860,2320924.2
Bulgaria,BGR,1861,2235040
Bulgaria,BGR,1862,2146994
Bulgaria,BGR,1863,2073970.5
Bulgaria,BGR,1864,2005893.5
Bulgaria,BGR,1865,1964160.5
Bulgaria,BGR,1866,1903118.2
Bulgaria,BGR,1867,1862374.5
Bulgaria,BGR,1868,1807084.9
Bulgaria,BGR,1869,1750952.4
Bulgaria,BGR,1870,4857328.5
Bulgaria,BGR,1871,6083376
Bulgaria,BGR,1872,6912942
Bulgaria,BGR,1873,7618812
Bulgaria,BGR,1874,8213955.5
Bulgaria,BGR,1875,8742963
Bulgaria,BGR,1876,9217855
Bulgaria,BGR,1877,9660466
Bulgaria,BGR,1878,10041449
Bulgaria,BGR,1879,10372894
Bulgaria,BGR,1880,10583867
Bulgaria,BGR,1881,10826864
Bulgaria,BGR,1882,11044725
Bulgaria,BGR,1883,11248334
Bulgaria,BGR,1884,11439191
Bulgaria,BGR,1885,11629426
Bulgaria,BGR,1886,11779394
Bulgaria,BGR,1887,11931779
Bulgaria,BGR,1888,12057637
Bulgaria,BGR,1889,12157408
Bulgaria,BGR,1890,8705627
Bulgaria,BGR,1891,7180597
Bulgaria,BGR,1892,6069965.5
Bulgaria,BGR,1893,5134949.5
Bulgaria,BGR,1894,4272957
Bulgaria,BGR,1895,3489520.2
Bulgaria,BGR,1896,2789256.5
Bulgaria,BGR,1897,2172495.5
Bulgaria,BGR,1898,1581125.9
Bulgaria,BGR,1899,1028521.5
Bulgaria,BGR,1900,4566992.5
Bulgaria,BGR,1901,5930917
Bulgaria,BGR,1902,6854721.5
Bulgaria,BGR,1903,7629217.5
Bulgaria,BGR,1904,8328198.5
Bulgaria,BGR,1905,8922646
Bulgaria,BGR,1906,9453120
Bulgaria,BGR,1907,9946771
Bulgaria,BGR,1908,10419647
Bulgaria,BGR,1909,10825032
Bulgaria,BGR,1910,10287193
Bulgaria,BGR,1911,10274478
Bulgaria,BGR,1912,10347356
Bulgaria,BGR,1913,10416202
Bulgaria,BGR,1914,10494722
Bulgaria,BGR,1915,10582218
Bulgaria,BGR,1916,10689500
Bulgaria,BGR,1917,10760545
Bulgaria,BGR,1918,10852732
Bulgaria,BGR,1919,10924766
Bulgaria,BGR,1920,13612419
Bulgaria,BGR,1921,14796698
Bulgaria,BGR,1922,15661036
Bulgaria,BGR,1923,16386140
Bulgaria,BGR,1924,17049178
Bulgaria,BGR,1925,17641720
Bulgaria,BGR,1926,18186264
Bulgaria,BGR,1927,18708604
Bulgaria,BGR,1928,19150996
Bulgaria,BGR,1929,19563670
Bulgaria,BGR,1930,18371772
Bulgaria,BGR,1931,18109248
Bulgaria,BGR,1932,18011492
Bulgaria,BGR,1933,17965032
Bulgaria,BGR,1934,17997348
Bulgaria,BGR,1935,17971186
Bulgaria,BGR,1936,17998154
Bulgaria,BGR,1937,18019918
Bulgaria,BGR,1938,18030690
Bulgaria,BGR,1939,18059086
Bulgaria,BGR,1940,16915552
Bulgaria,BGR,1941,16481918
Bulgaria,BGR,1942,16187479
Bulgaria,BGR,1943,15969764
Bulgaria,BGR,1944,15732336
Bulgaria,BGR,1945,15546022
Bulgaria,BGR,1946,15402430
Bulgaria,BGR,1947,15233373
Bulgaria,BGR,1948,15026027
Bulgaria,BGR,1949,14952528
Bulgaria,BGR,1950,14729537
Bulgaria,BGR,1951,14645447
Bulgaria,BGR,1952,14638596
Bulgaria,BGR,1953,14252593
Bulgaria,BGR,1954,13999851
Bulgaria,BGR,1955,13736739
Bulgaria,BGR,1956,13493669
Bulgaria,BGR,1957,13318237
Bulgaria,BGR,1958,13126207
Bulgaria,BGR,1959,13910523
Bulgaria,BGR,1960,13102867
Bulgaria,BGR,1961,9618513
Bulgaria,BGR,1962,9471330
Bulgaria,BGR,1963,15538511
Bulgaria,BGR,1964,11604401
Bulgaria,BGR,1965,10014262
Bulgaria,BGR,1966,12991995
Bulgaria,BGR,1967,10707271
Bulgaria,BGR,1968,19541174
Bulgaria,BGR,1969,10559392
Bulgaria,BGR,1970,8315228
Bulgaria,BGR,1971,8316364.5
Bulgaria,BGR,1972,6402034
Bulgaria,BGR,1973,9675891
Bulgaria,BGR,1974,3223623.8
Bulgaria,BGR,1975,20297388
Bulgaria,BGR,1976,8752600
Bulgaria,BGR,1977,5960925
Bulgaria,BGR,1978,4301059.5
Bulgaria,BGR,1979,2164581.2
Bulgaria,BGR,1980,2049568.2
Bulgaria,BGR,1981,2034326.1
Bulgaria,BGR,1982,1637221.8
Bulgaria,BGR,1983,1535106
Bulgaria,BGR,1984,1521366
Bulgaria,BGR,1985,1428520.4
Bulgaria,BGR,1986,1370152.9
Bulgaria,BGR,1987,1175044.8
Bulgaria,BGR,1988,1179441.6
Bulgaria,BGR,1989,1040502.75
Bulgaria,BGR,1990,1120561.1
Bulgaria,BGR,1991,7407875.5
Bulgaria,BGR,1992,3189658.8
Bulgaria,BGR,1993,2866420.5
Bulgaria,BGR,1994,4344514.5
Bulgaria,BGR,1995,7966965
Bulgaria,BGR,1996,15746114
Bulgaria,BGR,1997,-7567369
Bulgaria,BGR,1998,-4526469
Bulgaria,BGR,1999,-7821907
Bulgaria,BGR,2000,-9447477
Bulgaria,BGR,2001,-12356070
Bulgaria,BGR,2002,-10767104
Bulgaria,BGR,2003,-9943546
Bulgaria,BGR,2004,-14382958
Bulgaria,BGR,2005,-14487383
Bulgaria,BGR,2006,-14908046
Bulgaria,BGR,2007,-14102956
Bulgaria,BGR,2008,-13010387
Bulgaria,BGR,2009,-10152541
Bulgaria,BGR,2010,-7754710
Bulgaria,BGR,2011,-2398454.5
Bulgaria,BGR,2012,-4111704.2
Bulgaria,BGR,2013,-7028981
Bulgaria,BGR,2014,-4880887.5
Bulgaria,BGR,2015,-6056225.5
Bulgaria,BGR,2016,-6058021
Bulgaria,BGR,2017,-6077696.5
Bulgaria,BGR,2018,-5704885
Bulgaria,BGR,2019,-5675352.5
Bulgaria,BGR,2020,-6257709
Bulgaria,BGR,2021,-7650249
Bulgaria,BGR,2022,-7382923.5
Bulgaria,BGR,2023,-7552054
Bulgaria,BGR,2024,-7832972.5
Croatia,HRV,1850,3185628.2
Croatia,HRV,1851,3154997
Croatia,HRV,1852,3275725.8
Croatia,HRV,1853,3311669.8
Croatia,HRV,1854,3250004.5
Croatia,HRV,1855,3320426.5
Croatia,HRV,1856,3390995.5
Croatia,HRV,1857,3488421.2
Croatia,HRV,1858,3491462.2
Croatia,HRV,1859,3416387
Croatia,HRV,1860,4140356.8
Croatia,HRV,1861,4231810.5
Croatia,HRV,1862,4381594.5
Croatia,HRV,1863,4458428.5
Croatia,HRV,1864,4453922
Croatia,HRV,1865,4707507.5
Croatia,HRV,1866,4862531
Croatia,HRV,1867,5029463
Croatia,HRV,1868,5024333
Croatia,HRV,1869,5289130.5
Croatia,HRV,1870,5418652.5
Croatia,HRV,1871,5507138.5
Croatia,HRV,1872,5780253
Croatia,HRV,1873,5941506
Croatia,HRV,1874,5960668.5
Croatia,HRV,1875,6119393
Croatia,HRV,1876,6305597.5
Croatia,HRV,1877,6501108.5
Croatia,HRV,1878,6544453.5
Croatia,HRV,1879,6502940.5
Croatia,HRV,1880,6916716
Croatia,HRV,1881,6899971.5
Croatia,HRV,1882,7072143
Croatia,HRV,1883,7147804.5
Croatia,HRV,1884,7078628
Croatia,HRV,1885,7414471
Croatia,HRV,1886,7594556.5
Croatia,HRV,1887,7730967
Croatia,HRV,1888,7650359
Croatia,HRV,1889,7953151.5
Croatia,HRV,1890,8064098
Croatia,HRV,1891,8079046.5
Croatia,HRV,1892,8375464.5
Croatia,HRV,1893,8507881
Croatia,HRV,1894,8421557
Croatia,HRV,1895,8545474
Croatia,HRV,1896,8700938
Croatia,HRV,1897,8866770
Croatia,HRV,1898,8804042
Croatia,HRV,1899,8659021
Croatia,HRV,1900,9130542
Croatia,HRV,1901,9134718
Croatia,HRV,1902,9078879
Croatia,HRV,1903,9358992
Croatia,HRV,1904,9465358
Croatia,HRV,1905,9324440
Croatia,HRV,1906,9422489
Croatia,HRV,1907,9570625
Croatia,HRV,1908,9718650
Croatia,HRV,1909,9604993
Croatia,HRV,1910,10061271
Croatia,HRV,1911,10721523
Croatia,HRV,1912,10684554
Croatia,HRV,1913,10936674
Croatia,HRV,1914,11030802
Croatia,HRV,1915,10912564
Croatia,HRV,1916,11408157
Croatia,HRV,1917,11679843
Croatia,HRV,1918,11827282
Croatia,HRV,1919,11677497
Croatia,HRV,1920,12257252
Croatia,HRV,1921,12494680
Croatia,HRV,1922,12534507
Croatia,HRV,1923,12403263
Croatia,HRV,1924,12169317
Croatia,HRV,1925,12254065
Croatia,HRV,1926,12088818
Croatia,HRV,1927,12698069
Croatia,HRV,1928,12486362
Croatia,HRV,1929,12426053
Croatia,HRV,1930,12201779
Croatia,HRV,1931,12595770
Croatia,HRV,1932,12298289
Croatia,HRV,1933,12280775
Croatia,HRV,1934,12116921
Croatia,HRV,1935,12671944
Croatia,HRV,1936,12251500
Croatia,HRV,1937,11855018
Croatia,HRV,1938,12419495
Croatia,HRV,1939,12194562
Croatia,HRV,1940,11807790
Croatia,HRV,1941,12012388
Croatia,HRV,1942,12468738
Croatia,HRV,1943,12917762
Croatia,HRV,1944,12580600
Croatia,HRV,1945,12835725
Croatia,HRV,1946,13263021
Croatia,HRV,1947,12696017
Croatia,HRV,1948,12184339
Croatia,HRV,1949,12880829
Croatia,HRV,1950,12299571
Croatia,HRV,1951,10714379
Croatia,HRV,1952,11131196
Croatia,HRV,1953,10301190
Croatia,HRV,1954,9813914
Croatia,HRV,1955,9283807
Croatia,HRV,1956,9016775
Croatia,HRV,1957,9269700
Croatia,HRV,1958,8686868
Croatia,HRV,1959,8702696
Croatia,HRV,1960,7600528
Croatia,HRV,1961,6650343
Croatia,HRV,1962,5858443
Croatia,HRV,1963,5632374
Croatia,HRV,1964,5079293.5
Croatia,HRV,1965,4441684
Croatia,HRV,1966,4143434.2
Croatia,HRV,1967,3853135.8
Croatia,HRV,1968,3426243
Croatia,HRV,1969,2847257.8
Croatia,HRV,1970,2328691.8
Croatia,HRV,1971,2239033.8
Croatia,HRV,1972,1211538.1
Croatia,HRV,1973,1159143
Croatia,HRV,1974,605109.6
Croatia,HRV,1975,322908.3
Croatia,HRV,1976,-89035.195
Croatia,HRV,1977,344489.28
Croatia,HRV,1978,-310597.28
Croatia,HRV,1979,796810.1
Croatia,HRV,1980,-97499.04
Croatia,HRV,1981,-441182.25
Croatia,HRV,1982,-318584.78
Croatia,HRV,1983,-159420.64
Croatia,HRV,1984,-469504.97
Croatia,HRV,1985,6521.9204
Croatia,HRV,1986,-347860.16
Croatia,HRV,1987,-415680.78
Croatia,HRV,1988,-293449.75
Croatia,HRV,1989,-381935.38
Croatia,HRV,1990,-3475633.8
Croatia,HRV,1991,30523576
Croatia,HRV,1992,9078769
Croatia,HRV,1993,7325801.5
Croatia,HRV,1994,11420101
Croatia,HRV,1995,-1863840.1
Croatia,HRV,1996,-1999591.4
Croatia,HRV,1997,8209522
Croatia,HRV,1998,8647956
Croatia,HRV,1999,-12496951
Croatia,HRV,2000,-13075168
Croatia,HRV,2001,-13707683
Croatia,HRV,2002,-12921902
Croatia,HRV,2003,-13639826
Croatia,HRV,2004,-11558161
Croatia,HRV,2005,-11564976
Croatia,HRV,2006,-11804162
Croatia,HRV,2007,-4471582
Croatia,HRV,2008,-8710574
Croatia,HRV,2009,-6801556.5
Croatia,HRV,2010,-8509530
Croatia,HRV,2011,-7007546.5
Croatia,HRV,2012,11181759
Croatia,HRV,2013,-1371655
Croatia,HRV,2014,-410258.1
Croatia,HRV,2015,-840851.4
Croatia,HRV,2016,-3305477.5
Croatia,HRV,2017,-3714746.2
Croatia,HRV,2018,-2493315.5
Croatia,HRV,2019,-741227.2
Croatia,HRV,2020,-2328655.2
Croatia,HRV,2021,-3469368.2
Croatia,HRV,2022,-2951205.2
Croatia,HRV,2023,-2734809.5
Croatia,HRV,2024,-2619430.2
Cyprus,CYP,1850,390619.03
Cyprus,CYP,1851,426599.53
Cyprus,CYP,1852,450268.97
Cyprus,CYP,1853,469834.75
Cyprus,CYP,1854,486872.34
Cyprus,CYP,1855,501784.8
Cyprus,CYP,1856,514938.56
Cyprus,CYP,1857,526590.06
Cyprus,CYP,1858,536849.3
Cyprus,CYP,1859,545972.6
Cyprus,CYP,1860,562570.56
Cyprus,CYP,1861,572060.3
Cyprus,CYP,1862,579571.5
Cyprus,CYP,1863,586020.2
Cyprus,CYP,1864,591662.7
Cyprus,CYP,1865,596609.1
Cyprus,CYP,1866,600932.6
Cyprus,CYP,1867,604779.8
Cyprus,CYP,1868,608187.3
Cyprus,CYP,1869,611191.9
Cyprus,CYP,1870,691030.44
Cyprus,CYP,1871,713600.6
Cyprus,CYP,1872,725252.2
Cyprus,CYP,1873,733459.5
Cyprus,CYP,1874,739615
Cyprus,CYP,1875,744231.6
Cyprus,CYP,1876,747529.25
Cyprus,CYP,1877,749764.3
Cyprus,CYP,1878,751120
Cyprus,CYP,1879,751706.25
Cyprus,CYP,1880,678792.6
Cyprus,CYP,1881,659336.8
Cyprus,CYP,1882,649590.56
Cyprus,CYP,1883,642555.6
Cyprus,CYP,1884,636949.75
Cyprus,CYP,1885,632406.4
Cyprus,CYP,1886,628705.75
Cyprus,CYP,1887,625774.56
Cyprus,CYP,1888,623466.25
Cyprus,CYP,1889,621670.9
Cyprus,CYP,1890,611741.44
Cyprus,CYP,1891,608553.75
Cyprus,CYP,1892,606941.56
Cyprus,CYP,1893,606025.6
Cyprus,CYP,1894,605585.94
Cyprus,CYP,1895,605512.6
Cyprus,CYP,1896,605732.44
Cyprus,CYP,1897,606172.1
Cyprus,CYP,1898,606831.7
Cyprus,CYP,1899,607637.75
Cyprus,CYP,1900,827074.75
Cyprus,CYP,1901,906180.44
Cyprus,CYP,1902,957879.5
Cyprus,CYP,1903,1000381.94
Cyprus,CYP,1904,1037278.44
Cyprus,CYP,1905,1069631.5
Cyprus,CYP,1906,1098174
Cyprus,CYP,1907,1123382.4
Cyprus,CYP,1908,1145806.1
Cyprus,CYP,1909,1165701.6
Cyprus,CYP,1910,1180247.8
Cyprus,CYP,1911,1196369.2
Cyprus,CYP,1912,1211464.9
Cyprus,CYP,1913,1225314.9
Cyprus,CYP,1914,1237955.6
Cyprus,CYP,1915,1249460.6
Cyprus,CYP,1916,1260122.9
Cyprus,CYP,1917,1269979.1
Cyprus,CYP,1918,1279139.1
Cyprus,CYP,1919,1287529.5
Cyprus,CYP,1920,1298521.6
Cyprus,CYP,1921,1306106
Cyprus,CYP,1922,1312628
Cyprus,CYP,1923,1318600.4
Cyprus,CYP,1924,1324169.6
Cyprus,CYP,1925,1329445.8
Cyprus,CYP,1926,1334502
Cyprus,CYP,1927,1339265.2
Cyprus,CYP,1928,1343662
Cyprus,CYP,1929,1347729.1
Cyprus,CYP,1930,1357951.8
Cyprus,CYP,1931,1363887.4
Cyprus,CYP,1932,1368833.8
Cyprus,CYP,1933,1373340.5
Cyprus,CYP,1934,1377444.1
Cyprus,CYP,1935,1381291.4
Cyprus,CYP,1936,1384882.1
Cyprus,CYP,1937,1388289.6
Cyprus,CYP,1938,1391513.9
Cyprus,CYP,1939,1394591.8
Cyprus,CYP,1940,2253286.8
Cyprus,CYP,1941,2563957.2
Cyprus,CYP,1942,2767675.8
Cyprus,CYP,1943,2935596.8
Cyprus,CYP,1944,3081350.8
Cyprus,CYP,1945,3209224.2
Cyprus,CYP,1946,3321342.8
Cyprus,CYP,1947,3420453.8
Cyprus,CYP,1948,3508353.2
Cyprus,CYP,1949,3586249.8
Cyprus,CYP,1950,3101722.5
Cyprus,CYP,1951,2946735.2
Cyprus,CYP,1952,2934864
Cyprus,CYP,1953,3009572.8
Cyprus,CYP,1954,3131657.5
Cyprus,CYP,1955,3250114.8
Cyprus,CYP,1956,3347870
Cyprus,CYP,1957,3353915.8
Cyprus,CYP,1958,3208821.2
Cyprus,CYP,1959,2935780
Cyprus,CYP,1960,2208879
Cyprus,CYP,1961,1792099
Cyprus,CYP,1962,2074483.5
Cyprus,CYP,1963,1529316.9
Cyprus,CYP,1964,1288921.9
Cyprus,CYP,1965,1100958.8
Cyprus,CYP,1966,1158373.6
Cyprus,CYP,1967,970337.1
Cyprus,CYP,1968,798165.75
Cyprus,CYP,1969,681723.8
Cyprus,CYP,1970,558466.9
Cyprus,CYP,1971,447484.3
Cyprus,CYP,1972,410771.03
Cyprus,CYP,1973,-2084596.1
Cyprus,CYP,1974,-4471655.5
Cyprus,CYP,1975,-4343086
Cyprus,CYP,1976,-4191396
Cyprus,CYP,1977,-4049086.5
Cyprus,CYP,1978,-3926635.2
Cyprus,CYP,1979,-3807189.2
Cyprus,CYP,1980,-3145177.5
Cyprus,CYP,1981,-2602685.8
Cyprus,CYP,1982,-2811717
Cyprus,CYP,1983,-2879867.2
Cyprus,CYP,1984,-3273710.8
Cyprus,CYP,1985,-3108684.2
Cyprus,CYP,1986,-3045626.8
Cyprus,CYP,1987,-2963736.2
Cyprus,CYP,1988,-2845609
Cyprus,CYP,1989,-2707952.5
Cyprus,CYP,1990,-2659294.8
Cyprus,CYP,1991,-2484668.2
Cyprus,CYP,1992,-2462647.5
Cyprus,CYP,1993,-2111306.8
Cyprus,CYP,1994,-2437402.8
Cyprus,CYP,1995,-2121199.5
Cyprus,CYP,1996,-2076608.6
Cyprus,CYP,1997,-1555441.2
Cyprus,CYP,1998,-1924259.5
Cyprus,CYP,1999,-1289288.4
Cyprus,CYP,2000,-1402908.9
Cyprus,CYP,2001,-1695516
Cyprus,CYP,2002,459795.34
Cyprus,CYP,2003,-40450.562
Cyprus,CYP,2004,731224.5
Cyprus,CYP,2005,-697039.4
Cyprus,CYP,2006,-551358.75
Cyprus,CYP,2007,-930362.8
Cyprus,CYP,2008,-392560.94
Cyprus,CYP,2009,-1513085.4
Cyprus,CYP,2010,-1551923.9
Cyprus,CYP,2011,-1669721.4
Cyprus,CYP,2012,-1914550
Cyprus,CYP,2013,-1899161
Cyprus,CYP,2014,636839.9
Cyprus,CYP,2015,-1329702.2
Cyprus,CYP,2016,104900.32
Cyprus,CYP,2017,618373.25
Cyprus,CYP,2018,-789665.25
Cyprus,CYP,2019,-803222.06
Cyprus,CYP,2020,-545533
Cyprus,CYP,2021,-815826.25
Cyprus,CYP,2022,-893136.7
Cyprus,CYP,2023,-906327.06
Cyprus,CYP,2024,-904092
Czechia,CZE,1850,10068232
Czechia,CZE,1851,10351460
Czechia,CZE,1852,10456726
Czechia,CZE,1853,10479883
Czechia,CZE,1854,10551807
Czechia,CZE,1855,10571226
Czechia,CZE,1856,10566536
Czechia,CZE,1857,10574561
Czechia,CZE,1858,10541951
Czechia,CZE,1859,10539130
Czechia,CZE,1860,10871858
Czechia,CZE,1861,10890140
Czechia,CZE,1862,10976721
Czechia,CZE,1863,11037067
Czechia,CZE,1864,11029922
Czechia,CZE,1865,11092943
Czechia,CZE,1866,11073268
Czechia,CZE,1867,11281273
Czechia,CZE,1868,11143360
Czechia,CZE,1869,11149479
Czechia,CZE,1870,10603835
Czechia,CZE,1871,10505824
Czechia,CZE,1872,10421295
Czechia,CZE,1873,10350837
Czechia,CZE,1874,10278143
Czechia,CZE,1875,10192845
Czechia,CZE,1876,10097837
Czechia,CZE,1877,10030273
Czechia,CZE,1878,9918741
Czechia,CZE,1879,9865760
Czechia,CZE,1880,8746151
Czechia,CZE,1881,8224874
Czechia,CZE,1882,7923033.5
Czechia,CZE,1883,7680733.5
Czechia,CZE,1884,7418244.5
Czechia,CZE,1885,7229951.5
Czechia,CZE,1886,7032901.5
Czechia,CZE,1887,7067965.5
Czechia,CZE,1888,6721388
Czechia,CZE,1889,6584538
Czechia,CZE,1890,7645119
Czechia,CZE,1891,8079303
Czechia,CZE,1892,8353370.5
Czechia,CZE,1893,8538475
Czechia,CZE,1894,8728747
Czechia,CZE,1895,8869005
Czechia,CZE,1896,8894580
Czechia,CZE,1897,8966614
Czechia,CZE,1898,9018350
Czechia,CZE,1899,9093571
Czechia,CZE,1900,9623862
Czechia,CZE,1901,9717111
Czechia,CZE,1902,9852569
Czechia,CZE,1903,9979527
Czechia,CZE,1904,10074681
Czechia,CZE,1905,10177786
Czechia,CZE,1906,10231683
Czechia,CZE,1907,10197792
Czechia,CZE,1908,10253668
Czechia,CZE,1909,10270631
Czechia,CZE,1910,7313527
Czechia,CZE,1911,5997308.5
Czechia,CZE,1912,4751328.5
Czechia,CZE,1913,3770475.8
Czechia,CZE,1914,2855941.5
Czechia,CZE,1915,1933016.5
Czechia,CZE,1916,1176876.9
Czechia,CZE,1917,437481.6
Czechia,CZE,1918,-61042.24
Czechia,CZE,1919,-848838.9
Czechia,CZE,1920,-231967.83
Czechia,CZE,1921,142199.84
Czechia,CZE,1922,389263.34
Czechia,CZE,1923,695976.8
Czechia,CZE,1924,836308
Czechia,CZE,1925,1064465.4
Czechia,CZE,1926,1229088.8
Czechia,CZE,1927,1467798.4
Czechia,CZE,1928,1761138.2
Czechia,CZE,1929,1886593.8
Czechia,CZE,1930,-440046.4
Czechia,CZE,1931,-2529845.5
Czechia,CZE,1932,-4172453.2
Czechia,CZE,1933,-5819458
Czechia,CZE,1934,-7292459.5
Czechia,CZE,1935,-8894910
Czechia,CZE,1936,-10307199
Czechia,CZE,1937,-11646647
Czechia,CZE,1938,-12849062
Czechia,CZE,1939,-14128714
Czechia,CZE,1940,-14720156
Czechia,CZE,1941,-15320539
Czechia,CZE,1942,-15794845
Czechia,CZE,1943,-16251893
Czechia,CZE,1944,-16796472
Czechia,CZE,1945,-17307050
Czechia,CZE,1946,-17768934
Czechia,CZE,1947,-18193154
Czechia,CZE,1948,-18621876
Czechia,CZE,1949,-19051700
Czechia,CZE,1950,-3258651.8
Czechia,CZE,1951,-11915401
Czechia,CZE,1952,-12736174
Czechia,CZE,1953,-12549383
Czechia,CZE,1954,-12426383
Czechia,CZE,1955,-12338373
Czechia,CZE,1956,-12284073
Czechia,CZE,1957,-12161842
Czechia,CZE,1958,-12188992
Czechia,CZE,1959,2347817.8
Czechia,CZE,1960,1741682.4
Czechia,CZE,1961,-6698928
Czechia,CZE,1962,-8442478
Czechia,CZE,1963,-9112295
Czechia,CZE,1964,-9559962
Czechia,CZE,1965,-9766649
Czechia,CZE,1966,-9798379
Czechia,CZE,1967,-9780682
Czechia,CZE,1968,-9768004
Czechia,CZE,1969,-9433481
Czechia,CZE,1970,-9107971
Czechia,CZE,1971,-9030295
Czechia,CZE,1972,-8973502
Czechia,CZE,1973,-8916418
Czechia,CZE,1974,-8938988
Czechia,CZE,1975,-8571781
Czechia,CZE,1976,-8134519.5
Czechia,CZE,1977,-7996533.5
Czechia,CZE,1978,-7978946
Czechia,CZE,1979,-8090222
Czechia,CZE,1980,-7334925
Czechia,CZE,1981,-7239734
Czechia,CZE,1982,-6965777
Czechia,CZE,1983,-6634991
Czechia,CZE,1984,-6652358.5
Czechia,CZE,1985,-6354658.5
Czechia,CZE,1986,-6203921.5
Czechia,CZE,1987,-6078099.5
Czechia,CZE,1988,-5898161
Czechia,CZE,1989,-5057162.5
Czechia,CZE,1990,-5882625.5
Czechia,CZE,1991,-5926703.5
Czechia,CZE,1992,-6043401.5
Czechia,CZE,1993,-5683670.5
Czechia,CZE,1994,-4489169.5
Czechia,CZE,1995,-5070426.5
Czechia,CZE,1996,-4381558
Czechia,CZE,1997,-3744864.8
Czechia,CZE,1998,-2743310
Czechia,CZE,1999,-3219666.8
Czechia,CZE,2000,-3102711.8
Czechia,CZE,2001,-15388361
Czechia,CZE,2002,-13341247
Czechia,CZE,2003,-13882310
Czechia,CZE,2004,-13511037
Czechia,CZE,2005,-13780084
Czechia,CZE,2006,-10730024
Czechia,CZE,2007,-11185863
Czechia,CZE,2008,-11052529
Czechia,CZE,2009,-10963275
Czechia,CZE,2010,-10165914
Czechia,CZE,2011,-8068641.5
Czechia,CZE,2012,-8556392
Czechia,CZE,2013,-7551101
Czechia,CZE,2014,-6115912.5
Czechia,CZE,2015,-4688344.5
Czechia,CZE,2016,-3456068
Czechia,CZE,2017,-5111609.5
Czechia,CZE,2018,-5668354.5
Czechia,CZE,2019,-5687774
Czechia,CZE,2020,-5626072
Czechia,CZE,2021,-5691328
Czechia,CZE,2022,-5777761.5
Czechia,CZE,2023,-5735735.5
Czechia,CZE,2024,-5681142
Denmark,DNK,1850,8072231.5
Denmark,DNK,1851,8404556
Denmark,DNK,1852,8703319
Denmark,DNK,1853,8937229
Denmark,DNK,1854,9227784
Denmark,DNK,1855,9286738
Denmark,DNK,1856,9500092
Denmark,DNK,1857,9627087
Denmark,DNK,1858,9663763
Denmark,DNK,1859,9911999
Denmark,DNK,1860,10099193
Denmark,DNK,1861,9543254
Denmark,DNK,1862,10083145
Denmark,DNK,1863,10104689
Denmark,DNK,1864,10002757
Denmark,DNK,1865,9869424
Denmark,DNK,1866,9931382
Denmark,DNK,1867,10217101
Denmark,DNK,1868,10091132
Denmark,DNK,1869,9998946
Denmark,DNK,1870,9987038
Denmark,DNK,1871,10030420
Denmark,DNK,1872,10060062
Denmark,DNK,1873,10107876
Denmark,DNK,1874,10211202
Denmark,DNK,1875,10124108
Denmark,DNK,1876,10132133
Denmark,DNK,1877,10125061
Denmark,DNK,1878,9977658
Denmark,DNK,1879,10096042
Denmark,DNK,1880,10546640
Denmark,DNK,1881,9898186
Denmark,DNK,1882,10530043
Denmark,DNK,1883,10499412
Denmark,DNK,1884,10348491
Denmark,DNK,1885,10134953
Denmark,DNK,1886,10196985
Denmark,DNK,1887,10461526
Denmark,DNK,1888,10290710
Denmark,DNK,1889,10139717
Denmark,DNK,1890,10687119
Denmark,DNK,1891,11000684
Denmark,DNK,1892,11172708
Denmark,DNK,1893,11389544
Denmark,DNK,1894,11634886
Denmark,DNK,1895,11685778
Denmark,DNK,1896,11803943
Denmark,DNK,1897,11895249
Denmark,DNK,1898,11792657
Denmark,DNK,1899,12057235
Denmark,DNK,1900,13066923
Denmark,DNK,1901,12719173
Denmark,DNK,1902,12944729
Denmark,DNK,1903,13097114
Denmark,DNK,1904,13335934
Denmark,DNK,1905,13579590
Denmark,DNK,1906,13611577
Denmark,DNK,1907,13736373
Denmark,DNK,1908,13807821
Denmark,DNK,1909,13658403
Denmark,DNK,1910,15133566
Denmark,DNK,1911,16338839
Denmark,DNK,1912,15721565
Denmark,DNK,1913,17060500
Denmark,DNK,1914,17264620
Denmark,DNK,1915,17353730
Denmark,DNK,1916,17227872
Denmark,DNK,1917,17597386
Denmark,DNK,1918,18205866
Denmark,DNK,1919,18157100
Denmark,DNK,1920,16451324
Denmark,DNK,1921,17114618
Denmark,DNK,1922,15831484
Denmark,DNK,1923,15756885
Denmark,DNK,1924,15295148
Denmark,DNK,1925,16304799
Denmark,DNK,1926,15563427
Denmark,DNK,1927,14786621
Denmark,DNK,1928,15625604
Denmark,DNK,1929,15585117
Denmark,DNK,1930,14522337
Denmark,DNK,1931,13633048
Denmark,DNK,1932,14573743
Denmark,DNK,1933,14404576
Denmark,DNK,1934,14107865
Denmark,DNK,1935,13180654
Denmark,DNK,1936,12979353
Denmark,DNK,1937,12692866
Denmark,DNK,1938,13673792
Denmark,DNK,1939,13315892
Denmark,DNK,1940,11638403
Denmark,DNK,1941,10843425
Denmark,DNK,1942,9911926
Denmark,DNK,1943,10426242
Denmark,DNK,1944,9427472
Denmark,DNK,1945,8540454
Denmark,DNK,1946,7431838
Denmark,DNK,1947,8236415.5
Denmark,DNK,1948,7726313.5
Denmark,DNK,1949,7506693
Denmark,DNK,1950,8300096
Denmark,DNK,1951,8673861
Denmark,DNK,1952,8918505
Denmark,DNK,1953,8951738
Denmark,DNK,1954,7967368
Denmark,DNK,1955,8349743.5
Denmark,DNK,1956,7834914.5
Denmark,DNK,1957,7848398
Denmark,DNK,1958,7109918.5
Denmark,DNK,1959,8259132
Denmark,DNK,1960,19856132
Denmark,DNK,1961,8806644
Denmark,DNK,1962,5515309.5
Denmark,DNK,1963,4460004
Denmark,DNK,1964,3637839
Denmark,DNK,1965,3033608.8
Denmark,DNK,1966,2772182.5
Denmark,DNK,1967,2821902.8
Denmark,DNK,1968,2106397
Denmark,DNK,1969,1797998.1
Denmark,DNK,1970,1186110.1
Denmark,DNK,1971,2030955.2
Denmark,DNK,1972,4125187.8
Denmark,DNK,1973,1570390.5
Denmark,DNK,1974,1846179.8
Denmark,DNK,1975,1652610.5
Denmark,DNK,1976,1256568.8
Denmark,DNK,1977,1006354.2
Denmark,DNK,1978,967992.1
Denmark,DNK,1979,475953.56
Denmark,DNK,1980,272345.12
Denmark,DNK,1981,117760.97
Denmark,DNK,1982,-281175.34
Denmark,DNK,1983,939376.3
Denmark,DNK,1984,-118420.484
Denmark,DNK,1985,-629511.9
Denmark,DNK,1986,-876099
Denmark,DNK,1987,-1393419.1
Denmark,DNK,1988,-1464757.2
Denmark,DNK,1989,473352.16
Denmark,DNK,1990,-926845.44
Denmark,DNK,1991,-1286027.4
Denmark,DNK,1992,-137326.72
Denmark,DNK,1993,-3914177.8
Denmark,DNK,1994,-1399538
Denmark,DNK,1995,-2387828.8
Denmark,DNK,1996,-2073017.9
Denmark,DNK,1997,-2031138.5
Denmark,DNK,1998,-3746330
Denmark,DNK,1999,-3249271.8
Denmark,DNK,2000,-110396.32
Denmark,DNK,2001,-2174254.2
Denmark,DNK,2002,-2473126.8
Denmark,DNK,2003,-2135012.8
Denmark,DNK,2004,3868121.2
Denmark,DNK,2005,2172495.5
Denmark,DNK,2006,38362.082
Denmark,DNK,2007,2855282
Denmark,DNK,2008,1775281.2
Denmark,DNK,2009,1516602.9
Denmark,DNK,2010,8242497.5
Denmark,DNK,2011,1845373.6
Denmark,DNK,2012,2639252.5
Denmark,DNK,2013,4878286.5
Denmark,DNK,2014,1693977.1
Denmark,DNK,2015,2023627.1
Denmark,DNK,2016,2350822.5
Denmark,DNK,2017,3134552
Denmark,DNK,2018,2169051.2
Denmark,DNK,2019,1665251.4
Denmark,DNK,2020,1539759.4
Denmark,DNK,2021,2352104.8
Denmark,DNK,2022,1979659.2
Denmark,DNK,2023,1936790.4
Denmark,DNK,2024,1955696.6
Estonia,EST,1850,14182354
Estonia,EST,1851,14091341
Estonia,EST,1852,13998056
Estonia,EST,1853,14001866
Estonia,EST,1854,14287914
Estonia,EST,1855,14217163
Estonia,EST,1856,14242701
Estonia,EST,1857,14309569
Estonia,EST,1858,14397542
Estonia,EST,1859,14583600
Estonia,EST,1860,11831056
Estonia,EST,1861,10835328
Estonia,EST,1862,10418840
Estonia,EST,1863,10022836
Estonia,EST,1864,9490383
Estonia,EST,1865,9089724
Estonia,EST,1866,8772678
Estonia,EST,1867,8596660
Estonia,EST,1868,8158555.5
Estonia,EST,1869,7934575
Estonia,EST,1870,7773945.5
Estonia,EST,1871,7378160
Estonia,EST,1872,7062250
Estonia,EST,1873,6815333
Estonia,EST,1874,6692186
Estonia,EST,1875,6459742
Estonia,EST,1876,6307686
Estonia,EST,1877,6165413
Estonia,EST,1878,6075938
Estonia,EST,1879,6019842
Estonia,EST,1880,5719980.5
Estonia,EST,1881,5459396.5
Estonia,EST,1882,5432100
Estonia,EST,1883,5374611.5
Estonia,EST,1884,5188407
Estonia,EST,1885,5019057
Estonia,EST,1886,4936104
Estonia,EST,1887,4828969
Estonia,EST,1888,4674531
Estonia,EST,1889,4558272.5
Estonia,EST,1890,4538194
Estonia,EST,1891,4351183
Estonia,EST,1892,4132772.5
Estonia,EST,1893,3951001.2
Estonia,EST,1894,3862368.8
Estonia,EST,1895,3820453
Estonia,EST,1896,3732663.5
Estonia,EST,1897,3649673.8
Estonia,EST,1898,3711742
Estonia,EST,1899,3586066.8
Estonia,EST,1900,3430273.2
Estonia,EST,1901,3478528.2
Estonia,EST,1902,3290638.5
Estonia,EST,1903,3296464
Estonia,EST,1904,3162764.8
Estonia,EST,1905,3169689.8
Estonia,EST,1906,3040094.2
Estonia,EST,1907,2997408.5
Estonia,EST,1908,2910022
Estonia,EST,1909,2885876.5
Estonia,EST,1910,2696227.8
Estonia,EST,1911,2608145.2
Estonia,EST,1912,2550730.2
Estonia,EST,1913,2600231
Estonia,EST,1914,2466898
Estonia,EST,1915,2456968.5
Estonia,EST,1916,2357894
Estonia,EST,1917,2357014.5
Estonia,EST,1918,2326383.5
Estonia,EST,1919,2201844
Estonia,EST,1920,2210234.8
Estonia,EST,1921,2120906.2
Estonia,EST,1922,2068108.2
Estonia,EST,1923,2005343.9
Estonia,EST,1924,1997905.9
Estonia,EST,1925,1932943.1
Estonia,EST,1926,1851309.2
Estonia,EST,1927,1704346.2
Estonia,EST,1928,1694893.1
Estonia,EST,1929,1692145.1
Estonia,EST,1930,1573028.5
Estonia,EST,1931,1551337.6
Estonia,EST,1932,1455304.1
Estonia,EST,1933,1323949.8
Estonia,EST,1934,1258840.5
Estonia,EST,1935,1101691.5
Estonia,EST,1936,1117849.8
Estonia,EST,1937,944799.06
Estonia,EST,1938,971033.3
Estonia,EST,1939,864740.6
Estonia,EST,1940,588181.94
Estonia,EST,1941,408023.03
Estonia,EST,1942,211999.03
Estonia,EST,1943,-48877.76
Estonia,EST,1944,-213318.08
Estonia,EST,1945,-350644.8
Estonia,EST,1946,-569055.9
Estonia,EST,1947,-738772.3
Estonia,EST,1948,-970227.25
Estonia,EST,1949,-1062853.1
Estonia,EST,1950,-1089783.5
Estonia,EST,1951,-943993
Estonia,EST,1952,-1089563.6
Estonia,EST,1953,-1473001.2
Estonia,EST,1954,-1864646.2
Estonia,EST,1955,-2129443.5
Estonia,EST,1956,-2812999.5
Estonia,EST,1957,-3648244.8
Estonia,EST,1958,-4910859
Estonia,EST,1959,-8840243
Estonia,EST,1960,-8462411
Estonia,EST,1961,-7856678.5
Estonia,EST,1962,-7870492
Estonia,EST,1963,-7535602
Estonia,EST,1964,-7206355
Estonia,EST,1965,-7071703.5
Estonia,EST,1966,-6781331.5
Estonia,EST,1967,-6388917
Estonia,EST,1968,-5938574.5
Estonia,EST,1969,-5741268
Estonia,EST,1970,-5425211.5
Estonia,EST,1971,-5149605.5
Estonia,EST,1972,-4911299
Estonia,EST,1973,-4362285
Estonia,EST,1974,-4330738
Estonia,EST,1975,-4006107.5
Estonia,EST,1976,-3738452.8
Estonia,EST,1977,-3613876.5
Estonia,EST,1978,-3577602.8
Estonia,EST,1979,-3200320.8
Estonia,EST,1980,-2949446.8
Estonia,EST,1981,-2796401.5
Estonia,EST,1982,-2552049.2
Estonia,EST,1983,-2493315.5
Estonia,EST,1984,-2270617.5
Estonia,EST,1985,-2103649
Estonia,EST,1986,-1954817.2
Estonia,EST,1987,-2001166.9
Estonia,EST,1988,-1954121.2
Estonia,EST,1989,-1838118.9
Estonia,EST,1990,-1711564.4
Estonia,EST,1991,-1454754.6
Estonia,EST,1992,-2237201.8
Estonia,EST,1993,-5400919.5
Estonia,EST,1994,-6817238.5
Estonia,EST,1995,-5426274
Estonia,EST,1996,-4925588.5
Estonia,EST,1997,-3229999.2
Estonia,EST,1998,-4405337
Estonia,EST,1999,-2930833.5
Estonia,EST,2000,-7047850.5
Estonia,EST,2001,-9242073
Estonia,EST,2002,-2937245.5
Estonia,EST,2003,-7298395
Estonia,EST,2004,327488.34
Estonia,EST,2005,-3151113.2
Estonia,EST,2006,-3032399.8
Estonia,EST,2007,-4216421
Estonia,EST,2008,-2852460.5
Estonia,EST,2009,-1531881.8
Estonia,EST,2010,-2769141.5
Estonia,EST,2011,-2665633.2
Estonia,EST,2012,-2060084.1
Estonia,EST,2013,-1745053.2
Estonia,EST,2014,-597232
Estonia,EST,2015,-391828.16
Estonia,EST,2016,-1631799
Estonia,EST,2017,-1376528.2
Estonia,EST,2018,-1099419.9
Estonia,EST,2019,-1354141.1
Estonia,EST,2020,-985945.75
Estonia,EST,2021,-948902.75
Estonia,EST,2022,-614965.75
Estonia,EST,2023,-381715.53
Estonia,EST,2024,-207748.8
Finland,FIN,1850,17914212
Finland,FIN,1851,17550706
Finland,FIN,1852,17056652
Finland,FIN,1853,17460866
Finland,FIN,1854,17720606
Finland,FIN,1855,17715734
Finland,FIN,1856,17480248
Finland,FIN,1857,17943122
Finland,FIN,1858,17984268
Finland,FIN,1859,17894902
Finland,FIN,1860,18642140
Finland,FIN,1861,18320550
Finland,FIN,1862,18474914
Finland,FIN,1863,18896310
Finland,FIN,1864,18876270
Finland,FIN,1865,18529032
Finland,FIN,1866,18698930
Finland,FIN,1867,19761894
Finland,FIN,1868,19617204
Finland,FIN,1869,19607272
Finland,FIN,1870,19617350
Finland,FIN,1871,19554694
Finland,FIN,1872,19512816
Finland,FIN,1873,19640140
Finland,FIN,1874,19987670
Finland,FIN,1875,20241366
Finland,FIN,1876,20624986
Finland,FIN,1877,20753518
Finland,FIN,1878,20972296
Finland,FIN,1879,21124828
Finland,FIN,1880,22013458
Finland,FIN,1881,22367474
Finland,FIN,1882,22497730
Finland,FIN,1883,23547282
Finland,FIN,1884,23575678
Finland,FIN,1885,23942188
Finland,FIN,1886,23968130
Finland,FIN,1887,24496514
Finland,FIN,1888,24774942
Finland,FIN,1889,25377266
Finland,FIN,1890,26010406
Finland,FIN,1891,26548942
Finland,FIN,1892,26875366
Finland,FIN,1893,26943370
Finland,FIN,1894,27745712
Finland,FIN,1895,27990174
Finland,FIN,1896,28387134
Finland,FIN,1897,28662924
Finland,FIN,1898,29482524
Finland,FIN,1899,29836870
Finland,FIN,1900,30407022
Finland,FIN,1901,31283160
Finland,FIN,1902,31962832
Finland,FIN,1903,32249906
Finland,FIN,1904,32775212
Finland,FIN,1905,33512226
Finland,FIN,1906,33930870
Finland,FIN,1907,34654410
Finland,FIN,1908,35814500
Finland,FIN,1909,36343216
Finland,FIN,1910,35595576
Finland,FIN,1911,35555896
Finland,FIN,1912,36141332
Finland,FIN,1913,36155364
Finland,FIN,1914,36303460
Finland,FIN,1915,39457468
Finland,FIN,1916,41682028
Finland,FIN,1917,43431444
Finland,FIN,1918,44527384
Finland,FIN,1919,44981904
Finland,FIN,1920,44483084
Finland,FIN,1921,43226296
Finland,FIN,1922,43006496
Finland,FIN,1923,43275796
Finland,FIN,1924,41801000
Finland,FIN,1925,39717100
Finland,FIN,1926,36877940
Finland,FIN,1927,33462286
Finland,FIN,1928,30698310
Finland,FIN,1929,28256914
Finland,FIN,1930,25169702
Finland,FIN,1931,23058138
Finland,FIN,1932,21376838
Finland,FIN,1933,19611926
Finland,FIN,1934,18392438
Finland,FIN,1935,16900530
Finland,FIN,1936,16191728
Finland,FIN,1937,15288004
Finland,FIN,1938,14575282
Finland,FIN,1939,13799357
Finland,FIN,1940,14416961
Finland,FIN,1941,14023117
Finland,FIN,1942,13945623
Finland,FIN,1943,13500191
Finland,FIN,1944,13569880
Finland,FIN,1945,13796902
Finland,FIN,1946,13503526
Finland,FIN,1947,13516056
Finland,FIN,1948,13541265
Finland,FIN,1949,13525619
Finland,FIN,1950,14032827
Finland,FIN,1951,14763356
Finland,FIN,1952,14936736
Finland,FIN,1953,15019835
Finland,FIN,1954,15008147
Finland,FIN,1955,15369820
Finland,FIN,1956,15246343
Finland,FIN,1957,15008330
Finland,FIN,1958,15150347
Finland,FIN,1959,17841188
Finland,FIN,1960,16276075
Finland,FIN,1961,16837692
Finland,FIN,1962,16700769
Finland,FIN,1963,16411898
Finland,FIN,1964,16177769
Finland,FIN,1965,16133069
Finland,FIN,1966,15435186
Finland,FIN,1967,15194754
Finland,FIN,1968,11908220
Finland,FIN,1969,11568604
Finland,FIN,1970,10952062
Finland,FIN,1971,8994534
Finland,FIN,1972,8857353
Finland,FIN,1973,9970513
Finland,FIN,1974,9762838
Finland,FIN,1975,8100738
Finland,FIN,1976,6496272
Finland,FIN,1977,5563857.5
Finland,FIN,1978,5515602.5
Finland,FIN,1979,6186517.5
Finland,FIN,1980,7020150.5
Finland,FIN,1981,6455821.5
Finland,FIN,1982,5492153
Finland,FIN,1983,5528426.5
Finland,FIN,1984,5718698
Finland,FIN,1985,5837631.5
Finland,FIN,1986,7265822
Finland,FIN,1987,5771936
Finland,FIN,1988,7782153
Finland,FIN,1989,8640995
Finland,FIN,1990,10313574
Finland,FIN,1991,6635430.5
Finland,FIN,1992,6181754.5
Finland,FIN,1993,10988153
Finland,FIN,1994,7153447
Finland,FIN,1995,7519077.5
Finland,FIN,1996,7122156.5
Finland,FIN,1997,12148688
Finland,FIN,1998,12550226
Finland,FIN,1999,14048032
Finland,FIN,2000,13772683
Finland,FIN,2001,14892217
Finland,FIN,2002,16427030
Finland,FIN,2003,17649818
Finland,FIN,2004,18307030
Finland,FIN,2005,19516186
Finland,FIN,2006,17340870
Finland,FIN,2007,18883046
Finland,FIN,2008,18629644
Finland,FIN,2009,16834542
Finland,FIN,2010,18256392
Finland,FIN,2011,18479678
Finland,FIN,2012,18314686
Finland,FIN,2013,20516018
Finland,FIN,2014,21539666
Finland,FIN,2015,22883988
Finland,FIN,2016,23737370
Finland,FIN,2017,26382962
Finland,FIN,2018,27995744
Finland,FIN,2019,28246362
Finland,FIN,2020,28311106
Finland,FIN,2021,30494154
Finland,FIN,2022,32165342
Finland,FIN,2023,32928698
Finland,FIN,2024,33252630
France,FRA,1850,40764784
France,FRA,1851,35324108
France,FRA,1852,32028380
France,FRA,1853,28619798
France,FRA,1854,26472106
France,FRA,1855,23563330
France,FRA,1856,20726260
France,FRA,1857,18159554
France,FRA,1858,16176413
France,FRA,1859,13174938
France,FRA,1860,12333867
France,FRA,1861,10185260
France,FRA,1862,8472011
France,FRA,1863,6300175
France,FRA,1864,4893565
France,FRA,1865,3471860
France,FRA,1866,1161158.2
France,FRA,1867,2305498.8
France,FRA,1868,821285.6
France,FRA,1869,211779.19
France,FRA,1870,818207.8
France,FRA,1871,963778.56
France,FRA,1872,1572588.8
France,FRA,1873,1451713.5
France,FRA,1874,2208879
France,FRA,1875,2222252.5
France,FRA,1876,1977094.5
France,FRA,1877,1767367
France,FRA,1878,1739300.9
France,FRA,1879,959052.06
France,FRA,1880,847116.75
France,FRA,1881,-377795.03
France,FRA,1882,-1427531
France,FRA,1883,-2667135.5
France,FRA,1884,-3544590.2
France,FRA,1885,-4294831
France,FRA,1886,-6046882.5
France,FRA,1887,-4515953
France,FRA,1888,-5592399.5
France,FRA,1889,-5833307.5
France,FRA,1890,-7427294.5
France,FRA,1891,-8859699
France,FRA,1892,-10222927
France,FRA,1893,-12043092
France,FRA,1894,-12841843
France,FRA,1895,-14061297
France,FRA,1896,-15633885
France,FRA,1897,-17089446
France,FRA,1898,-18265516
France,FRA,1899,-19800916
France,FRA,1900,-19613356
France,FRA,1901,-20916200
France,FRA,1902,-20883336
France,FRA,1903,-21443634
France,FRA,1904,-22426904
France,FRA,1905,-22670158
France,FRA,1906,-23297948
France,FRA,1907,-24173092
France,FRA,1908,-25151822
France,FRA,1909,-25799506
France,FRA,1910,-32191280
France,FRA,1911,-36858340
France,FRA,1912,-41892748
France,FRA,1913,-46864428
France,FRA,1914,-51716224
France,FRA,1915,-56196892
France,FRA,1916,-60138184
France,FRA,1917,-64944510
France,FRA,1918,-67536536
France,FRA,1919,-72037800
France,FRA,1920,-67308960
France,FRA,1921,-63120210
France,FRA,1922,-60322372
France,FRA,1923,-58048310
France,FRA,1924,-56000612
France,FRA,1925,-53400710
France,FRA,1926,-50198340
France,FRA,1927,-48540304
France,FRA,1928,-46003644
France,FRA,1929,-43819716
France,FRA,1930,-46491580
France,FRA,1931,-48333070
France,FRA,1932,-48976176
France,FRA,1933,-49665080
France,FRA,1934,-50507104
France,FRA,1935,-51521668
France,FRA,1936,-52306676
France,FRA,1937,-53228612
France,FRA,1938,-53476300
France,FRA,1939,-54834620
France,FRA,1940,-53975740
France,FRA,1941,-53001852
France,FRA,1942,-52250948
France,FRA,1943,-51015996
France,FRA,1944,-50440530
France,FRA,1945,-49934424
France,FRA,1946,-49660172
France,FRA,1947,-48878056
France,FRA,1948,-48360990
France,FRA,1949,-47004504
France,FRA,1950,-45027300
France,FRA,1951,-40748188
France,FRA,1952,-34224730
France,FRA,1953,-28323452
France,FRA,1954,-22873656
France,FRA,1955,-18340592
France,FRA,1956,-13920488
France,FRA,1957,-7983050
France,FRA,1958,-2821829.5
France,FRA,1959,-27349122
France,FRA,1960,-29994384
France,FRA,1961,-30673910
France,FRA,1962,-32248586
France,FRA,1963,-38854812
France,FRA,1964,-41296944
France,FRA,1965,-45385380
France,FRA,1966,-46666280
France,FRA,1967,-53602670
France,FRA,1968,-50473360
France,FRA,1969,-59299532
France,FRA,1970,-51847068
France,FRA,1971,-54980150
France,FRA,1972,-51621108
France,FRA,1973,-43404076
France,FRA,1974,-41235756
France,FRA,1975,-46692772
France,FRA,1976,-44066930
France,FRA,1977,-36721304
France,FRA,1978,-40046348
France,FRA,1979,-40001170
France,FRA,1980,-36623036
France,FRA,1981,-33268350
France,FRA,1982,-34348972
France,FRA,1983,-29413638
France,FRA,1984,-27436362
France,FRA,1985,-25999010
France,FRA,1986,-21283480
France,FRA,1987,-31095088
France,FRA,1988,-21708650
France,FRA,1989,-14318436
France,FRA,1990,-7594299.5
France,FRA,1991,-3955471.2
France,FRA,1992,2845242.5
France,FRA,1993,-1448928.8
France,FRA,1994,-2528489.8
France,FRA,1995,-4775401
France,FRA,1996,-5306937.5
France,FRA,1997,-7572975
France,FRA,1998,-7631599
France,FRA,1999,-11013361
France,FRA,2000,-12154441
France,FRA,2001,-15500186
France,FRA,2002,-16922624
France,FRA,2003,-15696649
France,FRA,2004,-18043074
France,FRA,2005,-17748014
France,FRA,2006,-16482247
France,FRA,2007,-19322398
France,FRA,2008,-21535086
France,FRA,2009,-21401240
France,FRA,2010,-21906836
France,FRA,2011,-20544414
France,FRA,2012,-16802774
France,FRA,2013,-13911952
France,FRA,2014,-13466849
France,FRA,2015,-6254264.5
France,FRA,2016,-11161167
France,FRA,2017,18754696
France,FRA,2018,-13570833
France,FRA,2019,11321650
France,FRA,2020,-2051949.9
France,FRA,2021,-8507698
France,FRA,2022,-10112237
France,FRA,2023,-11319122
France,FRA,2024,-12230469
Germany,DEU,1850,25096860
Germany,DEU,1851,23830584
Germany,DEU,1852,23813178
Germany,DEU,1853,23525994
Germany,DEU,1854,22961080
Germany,DEU,1855,21989534
Germany,DEU,1856,21877598
Germany,DEU,1857,21225480
Germany,DEU,1858,20604980
Germany,DEU,1859,20212932
Germany,DEU,1860,21459058
Germany,DEU,1861,21029014
Germany,DEU,1862,20515762
Germany,DEU,1863,19860822
Germany,DEU,1864,19822496
Germany,DEU,1865,19674140
Germany,DEU,1866,19215078
Germany,DEU,1867,19815058
Germany,DEU,1868,19265716
Germany,DEU,1869,19200788
Germany,DEU,1870,19010664
Germany,DEU,1871,19041992
Germany,DEU,1872,19587488
Germany,DEU,1873,19677292
Germany,DEU,1874,19589318
Germany,DEU,1875,19291254
Germany,DEU,1876,19485702
Germany,DEU,1877,19208410
Germany,DEU,1878,19111754
Germany,DEU,1879,19065222
Germany,DEU,1880,18717434
Germany,DEU,1881,17920038
Germany,DEU,1882,17267552
Germany,DEU,1883,16448941
Germany,DEU,1884,16085985
Germany,DEU,1885,15730248
Germany,DEU,1886,15097109
Germany,DEU,1887,15427675
Germany,DEU,1888,14693079
Germany,DEU,1889,14507168
Germany,DEU,1890,14922850
Germany,DEU,1891,15948585
Germany,DEU,1892,17066472
Germany,DEU,1893,17683892
Germany,DEU,1894,18177104
Germany,DEU,1895,18376206
Germany,DEU,1896,19104718
Germany,DEU,1897,19265678
Germany,DEU,1898,19489952
Germany,DEU,1899,19913620
Germany,DEU,1900,29236192
Germany,DEU,1901,30570658
Germany,DEU,1902,31195040
Germany,DEU,1903,32821490
Germany,DEU,1904,34040868
Germany,DEU,1905,34795324
Germany,DEU,1906,35231776
Germany,DEU,1907,36300896
Germany,DEU,1908,36561444
Germany,DEU,1909,36931030
Germany,DEU,1910,26917028
Germany,DEU,1911,24137222
Germany,DEU,1912,20818334
Germany,DEU,1913,18182710
Germany,DEU,1914,15478165
Germany,DEU,1915,13599449
Germany,DEU,1916,11703182
Germany,DEU,1917,9743895
Germany,DEU,1918,8959213
Germany,DEU,1919,6996811
Germany,DEU,1920,8945106
Germany,DEU,1921,10208930
Germany,DEU,1922,9755986
Germany,DEU,1923,10353328
Germany,DEU,1924,9867116
Germany,DEU,1925,11037580
Germany,DEU,1926,10907618
Germany,DEU,1927,10938469
Germany,DEU,1928,11876526
Germany,DEU,1929,12050457
Germany,DEU,1930,13450105
Germany,DEU,1931,13224219
Germany,DEU,1932,14659590
Germany,DEU,1933,15136569
Germany,DEU,1934,15959028
Germany,DEU,1935,15387188
Germany,DEU,1936,15722664
Germany,DEU,1937,16119366
Germany,DEU,1938,17254582
Germany,DEU,1939,16896170
Germany,DEU,1940,13146798
Germany,DEU,1941,11990220
Germany,DEU,1942,11308936
Germany,DEU,1943,11070226
Germany,DEU,1944,10003233
Germany,DEU,1945,8934847
Germany,DEU,1946,7955569.5
Germany,DEU,1947,7787209
Germany,DEU,1948,7227862.5
Germany,DEU,1949,6946394
Germany,DEU,1950,-2203786
Germany,DEU,1951,-10049839
Germany,DEU,1952,-17335372
Germany,DEU,1953,-24399858
Germany,DEU,1954,-31884092
Germany,DEU,1955,-38376336
Germany,DEU,1956,-44966040
Germany,DEU,1957,-50544332
Germany,DEU,1958,-57201452
Germany,DEU,1959,-62162620
Germany,DEU,1960,-60195964
Germany,DEU,1961,-57928464
Germany,DEU,1962,-55503372
Germany,DEU,1963,-50178480
Germany,DEU,1964,-45247356
Germany,DEU,1965,-44916720
Germany,DEU,1966,-45712652
Germany,DEU,1967,-45108750
Germany,DEU,1968,-43510000
Germany,DEU,1969,-45007220
Germany,DEU,1970,-43371388
Germany,DEU,1971,-39610810
Germany,DEU,1972,-38946852
Germany,DEU,1973,-37492504
Germany,DEU,1974,-35099290
Germany,DEU,1975,-33036090
Germany,DEU,1976,-32139910
Germany,DEU,1977,-30888618
Germany,DEU,1978,-30638698
Germany,DEU,1979,-30094812
Germany,DEU,1980,-29679132
Germany,DEU,1981,-29146204
Germany,DEU,1982,-28405124
Germany,DEU,1983,-27519132
Germany,DEU,1984,-26562168
Germany,DEU,1985,-25405590
Germany,DEU,1986,-25061320
Germany,DEU,1987,-22223370
Germany,DEU,1988,-21731696
Germany,DEU,1989,-19286014
Germany,DEU,1990,-34814340
Germany,DEU,1991,-35573300
Germany,DEU,1992,-13269946
Germany,DEU,1993,-9337191
Germany,DEU,1994,-9728067
Germany,DEU,1995,-13834238
Germany,DEU,1996,-14139633
Germany,DEU,1997,-9922845
Germany,DEU,1998,-14561908
Germany,DEU,1999,-16293771
Germany,DEU,2000,-15733985
Germany,DEU,2001,-17016752
Germany,DEU,2002,-11938741
Germany,DEU,2003,-9424980
Germany,DEU,2004,-9533252
Germany,DEU,2005,-12236075
Germany,DEU,2006,-10269093
Germany,DEU,2007,-9254861
Germany,DEU,2008,-9732243
Germany,DEU,2009,-13215755
Germany,DEU,2010,-8828958
Germany,DEU,2011,-10771940
Germany,DEU,2012,-5536231
Germany,DEU,2013,-3997130.8
Germany,DEU,2014,-1657263.9
Germany,DEU,2015,-2995063.5
Germany,DEU,2016,-392597.62
Germany,DEU,2017,-1545804.9
Germany,DEU,2018,-5444264.5
Germany,DEU,2019,-6055236
Germany,DEU,2020,-4834391.5
Germany,DEU,2021,-3709800.2
Germany,DEU,2022,-4692301.5
Germany,DEU,2023,-4869382.5
Germany,DEU,2024,-4980292
Greece,GRC,1850,10015838
Greece,GRC,1851,10136053
Greece,GRC,1852,10227250
Greece,GRC,1853,10301666
Greece,GRC,1854,10369193
Greece,GRC,1855,10430235
Greece,GRC,1856,10486917
Greece,GRC,1857,10541108
Greece,GRC,1858,10590645
Greece,GRC,1859,10639926
Greece,GRC,1860,10825911
Greece,GRC,1861,10923117
Greece,GRC,1862,10995554
Greece,GRC,1863,11061103
Greece,GRC,1864,11119581
Greece,GRC,1865,11174321
Greece,GRC,1866,11227339
Greece,GRC,1867,11270464
Greece,GRC,1868,11310438
Greece,GRC,1869,11349716
Greece,GRC,1870,12001359
Greece,GRC,1871,12293563
Greece,GRC,1872,12501092
Greece,GRC,1873,12670185
Greece,GRC,1874,12812642
Greece,GRC,1875,12934359
Greece,GRC,1876,13046698
Greece,GRC,1877,13153027
Greece,GRC,1878,13249793
Greece,GRC,1879,13333222
Greece,GRC,1880,13718199
Greece,GRC,1881,13907115
Greece,GRC,1882,14039825
Greece,GRC,1883,14155644
Greece,GRC,1884,14255158
Greece,GRC,1885,14346538
Greece,GRC,1886,14444770
Greece,GRC,1887,14512957
Greece,GRC,1888,14572204
Greece,GRC,1889,14633650
Greece,GRC,1890,14802450
Greece,GRC,1891,14905445
Greece,GRC,1892,14988727
Greece,GRC,1893,15072121
Greece,GRC,1894,15131440
Greece,GRC,1895,15177168
Greece,GRC,1896,15225203
Greece,GRC,1897,15274446
Greece,GRC,1898,15321821
Greece,GRC,1899,15370591
Greece,GRC,1900,14030885
Greece,GRC,1901,13495465
Greece,GRC,1902,13152148
Greece,GRC,1903,12905744
Greece,GRC,1904,12675754
Greece,GRC,1905,12485813
Greece,GRC,1906,12326465
Greece,GRC,1907,12207825
Greece,GRC,1908,12087463
Greece,GRC,1909,11994727
Greece,GRC,1910,11825450
Greece,GRC,1911,11789726
Greece,GRC,1912,11716593
Greece,GRC,1913,11624956
Greece,GRC,1914,11534162
Greece,GRC,1915,11446556
Greece,GRC,1916,11357813
Greece,GRC,1917,11284314
Greece,GRC,1918,11219681
Greece,GRC,1919,11168238
Greece,GRC,1920,13566620
Greece,GRC,1921,14526514
Greece,GRC,1922,15141114
Greece,GRC,1923,15626448
Greece,GRC,1924,16028131
Greece,GRC,1925,16386030
Greece,GRC,1926,16693587
Greece,GRC,1927,16962964
Greece,GRC,1928,17209918
Greece,GRC,1929,17412756
Greece,GRC,1930,20040578
Greece,GRC,1931,21195910
Greece,GRC,1932,21990008
Greece,GRC,1933,22626006
Greece,GRC,1934,23183886
Greece,GRC,1935,23667608
Greece,GRC,1936,24092082
Greece,GRC,1937,24479220
Greece,GRC,1938,24824516
Greece,GRC,1939,25139620
Greece,GRC,1940,19278870
Greece,GRC,1941,17056836
Greece,GRC,1942,15641836
Greece,GRC,1943,14555716
Greece,GRC,1944,13618172
Greece,GRC,1945,12848549
Greece,GRC,1946,12168181
Greece,GRC,1947,11547902
Greece,GRC,1948,11008158
Greece,GRC,1949,10606510
Greece,GRC,1950,11527603
Greece,GRC,1951,11903896
Greece,GRC,1952,33186718
Greece,GRC,1953,18774594
Greece,GRC,1954,15733655
Greece,GRC,1955,13540605
Greece,GRC,1956,13862048
Greece,GRC,1957,14012382
Greece,GRC,1958,11388078
Greece,GRC,1959,5853790
Greece,GRC,1960,5217206.5
Greece,GRC,1961,4836736.5
Greece,GRC,1962,20584096
Greece,GRC,1963,9238226
Greece,GRC,1964,5564810
Greece,GRC,1965,15694561
Greece,GRC,1966,11094628
Greece,GRC,1967,10440202
Greece,GRC,1968,8358500
Greece,GRC,1969,7013958.5
Greece,GRC,1970,6040947
Greece,GRC,1971,5424442
Greece,GRC,1972,3728522.8
Greece,GRC,1973,3034305
Greece,GRC,1974,1905573
Greece,GRC,1975,1825881.1
Greece,GRC,1976,1628061.8
Greece,GRC,1977,7623025
Greece,GRC,1978,4140942.8
Greece,GRC,1979,2494451.2
Greece,GRC,1980,4666763.5
Greece,GRC,1981,2965824.8
Greece,GRC,1982,1434199.5
Greece,GRC,1983,4227706.5
Greece,GRC,1984,1881244.2
Greece,GRC,1985,1601790.9
Greece,GRC,1986,1609412
Greece,GRC,1987,1580246.5
Greece,GRC,1988,4897742
Greece,GRC,1989,2937428.8
Greece,GRC,1990,2130762.5
Greece,GRC,1991,3400228.5
Greece,GRC,1992,720708.8
Greece,GRC,1993,673992.8
Greece,GRC,1994,988437.25
Greece,GRC,1995,680331.5
Greece,GRC,1996,-1606590.6
Greece,GRC,1997,-3440715.8
Greece,GRC,1998,-4313664
Greece,GRC,1999,-5458847.5
Greece,GRC,2000,-5515749
Greece,GRC,2001,-6068353
Greece,GRC,2002,-6462600
Greece,GRC,2003,-8680126
Greece,GRC,2004,-7823263
Greece,GRC,2005,-9614482
Greece,GRC,2006,-10270962
Greece,GRC,2007,-10436721
Greece,GRC,2008,-10711301
Greece,GRC,2009,-9305022
Greece,GRC,2010,-10407556
Greece,GRC,2011,-10288255
Greece,GRC,2012,-10543379
Greece,GRC,2013,-20491946
Greece,GRC,2014,-18640894
Greece,GRC,2015,-21067012
Greece,GRC,2016,-23475578
Greece,GRC,2017,-25038568
Greece,GRC,2018,-1452995.9
Greece,GRC,2019,-24204824
Greece,GRC,2020,-18741836
Greece,GRC,2021,-19157884
Greece,GRC,2022,-20062196
Greece,GRC,2023,-20305960
Greece,GRC,2024,-20361728
Hungary,HUN,1850,15462703
Hungary,HUN,1851,14967073
Hungary,HUN,1852,14512444
Hungary,HUN,1853,14130252
Hungary,HUN,1854,13681815
Hungary,HUN,1855,13097628
Hungary,HUN,1856,12746689
Hungary,HUN,1857,12413998
Hungary,HUN,1858,11966844
Hungary,HUN,1859,11715567
Hungary,HUN,1860,11450806
Hungary,HUN,1861,11033770
Hungary,HUN,1862,10681550
Hungary,HUN,1863,10394365
Hungary,HUN,1864,10152944
Hungary,HUN,1865,10101208
Hungary,HUN,1866,9977658
Hungary,HUN,1867,9925630
Hungary,HUN,1868,9626684
Hungary,HUN,1869,9344702
Hungary,HUN,1870,10368680
Hungary,HUN,1871,10788575
Hungary,HUN,1872,10990571
Hungary,HUN,1873,11186485
Hungary,HUN,1874,11234373
Hungary,HUN,1875,11073781
Hungary,HUN,1876,11183811
Hungary,HUN,1877,11287429
Hungary,HUN,1878,11214917
Hungary,HUN,1879,11243387
Hungary,HUN,1880,11128997
Hungary,HUN,1881,10952502
Hungary,HUN,1882,10776044
Hungary,HUN,1883,10656891
Hungary,HUN,1884,10639743
Hungary,HUN,1885,10722439
Hungary,HUN,1886,10770401
Hungary,HUN,1887,10808397
Hungary,HUN,1888,10582035
Hungary,HUN,1889,10425326
Hungary,HUN,1890,11566039
Hungary,HUN,1891,12048624
Hungary,HUN,1892,12208741
Hungary,HUN,1893,12326062
Hungary,HUN,1894,12269014
Hungary,HUN,1895,11991026
Hungary,HUN,1896,12021694
Hungary,HUN,1897,12006342
Hungary,HUN,1898,11803063
Hungary,HUN,1899,11780017
Hungary,HUN,1900,11566039
Hungary,HUN,1901,11297578
Hungary,HUN,1902,11117455
Hungary,HUN,1903,10995041
Hungary,HUN,1904,10944698
Hungary,HUN,1905,10752667
Hungary,HUN,1906,10364943
Hungary,HUN,1907,10350324
Hungary,HUN,1908,10303242
Hungary,HUN,1909,10055555
Hungary,HUN,1910,8882929
Hungary,HUN,1911,8447022
Hungary,HUN,1912,7909110.5
Hungary,HUN,1913,7437810
Hungary,HUN,1914,7027259
Hungary,HUN,1915,6815663
Hungary,HUN,1916,6742712.5
Hungary,HUN,1917,6634771
Hungary,HUN,1918,6536429.5
Hungary,HUN,1919,6156399.5
Hungary,HUN,1920,7417621.5
Hungary,HUN,1921,8168082
Hungary,HUN,1922,8330616.5
Hungary,HUN,1923,8571854
Hungary,HUN,1924,8134776.5
Hungary,HUN,1925,8460689
Hungary,HUN,1926,8394883
Hungary,HUN,1927,8636671
Hungary,HUN,1928,8935397
Hungary,HUN,1929,8615310
Hungary,HUN,1930,8281812.5
Hungary,HUN,1931,7988399
Hungary,HUN,1932,7816118
Hungary,HUN,1933,7873386.5
Hungary,HUN,1934,7671720
Hungary,HUN,1935,7676666.5
Hungary,HUN,1936,7547657
Hungary,HUN,1937,7225151.5
Hungary,HUN,1938,7316422
Hungary,HUN,1939,7300776.5
Hungary,HUN,1940,5825943
Hungary,HUN,1941,5114284.5
Hungary,HUN,1942,4551860.5
Hungary,HUN,1943,4651521.5
Hungary,HUN,1944,3744131.8
Hungary,HUN,1945,3039544.5
Hungary,HUN,1946,3026537.2
Hungary,HUN,1947,2527867
Hungary,HUN,1948,1962035.2
Hungary,HUN,1949,1852555
Hungary,HUN,1950,1780117.8
Hungary,HUN,1951,903505.75
Hungary,HUN,1952,1050835.2
Hungary,HUN,1953,118017.44
Hungary,HUN,1954,-454592.5
Hungary,HUN,1955,-771528.44
Hungary,HUN,1956,-1217583.8
Hungary,HUN,1957,-1335234.9
Hungary,HUN,1958,-1641508.6
Hungary,HUN,1959,-1866771.4
Hungary,HUN,1960,-1357365.5
Hungary,HUN,1961,-2143586.5
Hungary,HUN,1962,-2047333.2
Hungary,HUN,1963,-1903594.6
Hungary,HUN,1964,-1730543.9
Hungary,HUN,1965,-2224524.2
Hungary,HUN,1966,-2373905.5
Hungary,HUN,1967,-2071186
Hungary,HUN,1968,-1713616.1
Hungary,HUN,1969,-2546150.2
Hungary,HUN,1970,-2589055.5
Hungary,HUN,1971,-2404390.2
Hungary,HUN,1972,-2464663
Hungary,HUN,1973,-3236191.2
Hungary,HUN,1974,-3067977
Hungary,HUN,1975,-3746110.2
Hungary,HUN,1976,-3956936.8
Hungary,HUN,1977,-4268413.5
Hungary,HUN,1978,-4812004.5
Hungary,HUN,1979,-4642801
Hungary,HUN,1980,-4792732
Hungary,HUN,1981,-4506060.5
Hungary,HUN,1982,-4037838
Hungary,HUN,1983,-3550782.5
Hungary,HUN,1984,-3321452.5
Hungary,HUN,1985,-3689611.2
Hungary,HUN,1986,-3238316.5
Hungary,HUN,1987,-2984804.2
Hungary,HUN,1988,-2968499.5
Hungary,HUN,1989,-2968792.8
Hungary,HUN,1990,-1983323.2
Hungary,HUN,1991,-9221885
Hungary,HUN,1992,-7994371.5
Hungary,HUN,1993,-7411355.5
Hungary,HUN,1994,-3482925
Hungary,HUN,1995,-5039722
Hungary,HUN,1996,-4615870.5
Hungary,HUN,1997,-4508625.5
Hungary,HUN,1998,-2899030
Hungary,HUN,1999,-9618366
Hungary,HUN,2000,-7736352.5
Hungary,HUN,2001,-8406608
Hungary,HUN,2002,-6643675
Hungary,HUN,2003,-6301603.5
Hungary,HUN,2004,-6490666
Hungary,HUN,2005,-7158027
Hungary,HUN,2006,-6483741
Hungary,HUN,2007,-5865074.5
Hungary,HUN,2008,-5399856.5
Hungary,HUN,2009,-11293400
Hungary,HUN,2010,-11075686
Hungary,HUN,2011,-9724403
Hungary,HUN,2012,-10870062
Hungary,HUN,2013,-9754850
Hungary,HUN,2014,-9280912
Hungary,HUN,2015,-8149981.5
Hungary,HUN,2016,-7286194
Hungary,HUN,2017,-7477088
Hungary,HUN,2018,-7139597
Hungary,HUN,2019,-14189646
Hungary,HUN,2020,-5002129.5
Hungary,HUN,2021,-7064412
Hungary,HUN,2022,-9407797
Hungary,HUN,2023,-10225637
Hungary,HUN,2024,-10746072
Ireland,IRL,1850,4299814
Ireland,IRL,1851,4044213.2
Ireland,IRL,1852,3148182.2
Ireland,IRL,1853,2938234.8
Ireland,IRL,1854,3028405.8
Ireland,IRL,1855,2572054.8
Ireland,IRL,1856,2042203.8
Ireland,IRL,1857,1805765.8
Ireland,IRL,1858,1654809
Ireland,IRL,1859,1170354.9
Ireland,IRL,1860,1388729.2
Ireland,IRL,1861,1047024.56
Ireland,IRL,1862,910504
Ireland,IRL,1863,936261.94
Ireland,IRL,1864,915377.06
Ireland,IRL,1865,433377.94
Ireland,IRL,1866,361160.47
Ireland,IRL,1867,344709.12
Ireland,IRL,1868,331518.72
Ireland,IRL,1869,-125638.56
Ireland,IRL,1870,800877.06
Ireland,IRL,1871,1677415.9
Ireland,IRL,1872,2031541.4
Ireland,IRL,1873,2706340.2
Ireland,IRL,1874,3531253.2
Ireland,IRL,1875,3936491.8
Ireland,IRL,1876,4267058
Ireland,IRL,1877,4681163
Ireland,IRL,1878,5104171.5
Ireland,IRL,1879,5315474.5
Ireland,IRL,1880,4652034
Ireland,IRL,1881,3768937
Ireland,IRL,1882,3009572.8
Ireland,IRL,1883,2382516
Ireland,IRL,1884,1789790.8
Ireland,IRL,1885,964548
Ireland,IRL,1886,352293.62
Ireland,IRL,1887,-149454.56
Ireland,IRL,1888,-688172.5
Ireland,IRL,1889,-1346117
Ireland,IRL,1890,-1383966.1
Ireland,IRL,1891,-1355789.9
Ireland,IRL,1892,-1596148.2
Ireland,IRL,1893,-1647920.6
Ireland,IRL,1894,-1552070.4
Ireland,IRL,1895,-1668768.8
Ireland,IRL,1896,-1793198.2
Ireland,IRL,1897,-1855669.5
Ireland,IRL,1898,-1874172.8
Ireland,IRL,1899,-1989845
Ireland,IRL,1900,-1470289.9
Ireland,IRL,1901,-1255396.4
Ireland,IRL,1902,-858145.44
Ireland,IRL,1903,-690627.4
Ireland,IRL,1904,-411577.12
Ireland,IRL,1905,-18283.36
Ireland,IRL,1906,183163.36
Ireland,IRL,1907,379846.88
Ireland,IRL,1908,606098.9
Ireland,IRL,1909,838543.06
Ireland,IRL,1910,1511803
Ireland,IRL,1911,2556739.2
Ireland,IRL,1912,3196070.5
Ireland,IRL,1913,3820196.2
Ireland,IRL,1914,4545595
Ireland,IRL,1915,5240949
Ireland,IRL,1916,5479915
Ireland,IRL,1917,6088725
Ireland,IRL,1918,6622936.5
Ireland,IRL,1919,7260692
Ireland,IRL,1920,2945819.5
Ireland,IRL,1921,245084.97
Ireland,IRL,1922,-3274810
Ireland,IRL,1923,-6317322
Ireland,IRL,1924,-9324587
Ireland,IRL,1925,-11796981
Ireland,IRL,1926,-14092001
Ireland,IRL,1927,-16710551
Ireland,IRL,1928,-19098270
Ireland,IRL,1929,-21080898
Ireland,IRL,1930,-19862214
Ireland,IRL,1931,-18107450
Ireland,IRL,1932,-16310773
Ireland,IRL,1933,-14621522
Ireland,IRL,1934,-13588494
Ireland,IRL,1935,-12192692
Ireland,IRL,1936,-10978993
Ireland,IRL,1937,-9837400
Ireland,IRL,1938,-8568777
Ireland,IRL,1939,-7077162.5
Ireland,IRL,1940,-6752935
Ireland,IRL,1941,-5933261.5
Ireland,IRL,1942,-5492775.5
Ireland,IRL,1943,-4474770
Ireland,IRL,1944,-3414701.5
Ireland,IRL,1945,-3159430.8
Ireland,IRL,1946,-2752983
Ireland,IRL,1947,-2431540.2
Ireland,IRL,1948,-1329738.9
Ireland,IRL,1949,-220829.28
Ireland,IRL,1950,1104586.1
Ireland,IRL,1951,1541554.8
Ireland,IRL,1952,2203713
Ireland,IRL,1953,1591714.9
Ireland,IRL,1954,810073.75
Ireland,IRL,1955,1380815
Ireland,IRL,1956,1221321.1
Ireland,IRL,1957,1264373.1
Ireland,IRL,1958,745807.2
Ireland,IRL,1959,2197007.5
Ireland,IRL,1960,1166141.2
Ireland,IRL,1961,6692809
Ireland,IRL,1962,3930373
Ireland,IRL,1963,6286251.5
Ireland,IRL,1964,7882363
Ireland,IRL,1965,11041757
Ireland,IRL,1966,10281221
Ireland,IRL,1967,8084432.5
Ireland,IRL,1968,9261676
Ireland,IRL,1969,8867393
Ireland,IRL,1970,8832512
Ireland,IRL,1971,10804367
Ireland,IRL,1972,9474188
Ireland,IRL,1973,8632824
Ireland,IRL,1974,6720252.5
Ireland,IRL,1975,8617032
Ireland,IRL,1976,13550718
Ireland,IRL,1977,10135137
Ireland,IRL,1978,10710275
Ireland,IRL,1979,12664359
Ireland,IRL,1980,7795379.5
Ireland,IRL,1981,7275421.5
Ireland,IRL,1982,9062501
Ireland,IRL,1983,11794416
Ireland,IRL,1984,9014906
Ireland,IRL,1985,9610635
Ireland,IRL,1986,5963380
Ireland,IRL,1987,3913225.2
Ireland,IRL,1988,1010274.75
Ireland,IRL,1989,-1254370.4
Ireland,IRL,1990,-2934021.2
Ireland,IRL,1991,-3403892.5
Ireland,IRL,1992,-2939773.8
Ireland,IRL,1993,-3297783.2
Ireland,IRL,1994,-2719127.8
Ireland,IRL,1995,-2954906
Ireland,IRL,1996,-1144010.6
Ireland,IRL,1997,-515414.88
Ireland,IRL,1998,1196222.8
Ireland,IRL,1999,3745890.2
Ireland,IRL,2000,3536419.5
Ireland,IRL,2001,4533687
Ireland,IRL,2002,4690799.5
Ireland,IRL,2003,2062465.6
Ireland,IRL,2004,2938308.2
Ireland,IRL,2005,3484024.2
Ireland,IRL,2006,2776689.2
Ireland,IRL,2007,29494286
Ireland,IRL,2008,13953281
Ireland,IRL,2009,12118790
Ireland,IRL,2010,9336165
Ireland,IRL,2011,9604004
Ireland,IRL,2012,7237279.5
Ireland,IRL,2013,4964610
Ireland,IRL,2014,3301154
Ireland,IRL,2015,5710600.5
Ireland,IRL,2016,6367372.5
Ireland,IRL,2017,6368142
Ireland,IRL,2018,5445217
Ireland,IRL,2019,4232579.5
Ireland,IRL,2020,867561.94
Ireland,IRL,2021,1810712.1
Ireland,IRL,2022,708104.6
Ireland,IRL,2023,128276.63
Ireland,IRL,2024,-335622.4
Italy,ITA,1850,25188314
Italy,ITA,1851,26669670
Italy,ITA,1852,27821814
Italy,ITA,1853,27540932
Italy,ITA,1854,26509406
Italy,ITA,1855,27787410
Italy,ITA,1856,28777972
Italy,ITA,1857,28619686
Italy,ITA,1858,28961026
Italy,ITA,1859,28245704
Italy,ITA,1860,23137720
Italy,ITA,1861,22028774
Italy,ITA,1862,21177920
Italy,ITA,1863,18657382
Italy,ITA,1864,16877446
Italy,ITA,1865,16251562
Italy,ITA,1866,15188232
Italy,ITA,1867,15246637
Italy,ITA,1868,14958720
Italy,ITA,1869,13990398
Italy,ITA,1870,15876588
Italy,ITA,1871,18486456
Italy,ITA,1872,20354546
Italy,ITA,1873,20785176
Italy,ITA,1874,20402288
Italy,ITA,1875,22057464
Italy,ITA,1876,23368882
Italy,ITA,1877,23549296
Italy,ITA,1878,24180092
Italy,ITA,1879,23808710
Italy,ITA,1880,24365748
Italy,ITA,1881,26293302
Italy,ITA,1882,27701782
Italy,ITA,1883,27231434
Italy,ITA,1884,27157018
Italy,ITA,1885,28149084
Italy,ITA,1886,28396732
Italy,ITA,1887,29911686
Italy,ITA,1888,30935484
Italy,ITA,1889,30961386
Italy,ITA,1890,28825348
Italy,ITA,1891,30580222
Italy,ITA,1892,31764096
Italy,ITA,1893,31397840
Italy,ITA,1894,29867428
Italy,ITA,1895,31462988
Italy,ITA,1896,32523752
Italy,ITA,1897,32140096
Italy,ITA,1898,32408958
Italy,ITA,1899,31261174
Italy,ITA,1900,26539304
Italy,ITA,1901,24264436
Italy,ITA,1902,24900104
Italy,ITA,1903,25040472
Italy,ITA,1904,23674092
Italy,ITA,1905,21104494
Italy,ITA,1906,22190722
Italy,ITA,1907,22656600
Italy,ITA,1908,21621814
Italy,ITA,1909,21358114
Italy,ITA,1910,20198460
Italy,ITA,1911,19788824
Italy,ITA,1912,21535856
Italy,ITA,1913,22728744
Italy,ITA,1914,21302202
Italy,ITA,1915,20427276
Italy,ITA,1916,21437772
Italy,ITA,1917,21453160
Italy,ITA,1918,23173774
Italy,ITA,1919,24543780
Italy,ITA,1920,22832912
Italy,ITA,1921,23679992
Italy,ITA,1922,29157378
Italy,ITA,1923,25934122
Italy,ITA,1924,24492410
Italy,ITA,1925,23360602
Italy,ITA,1926,20880514
Italy,ITA,1927,20913452
Italy,ITA,1928,20688042
Italy,ITA,1929,20668696
Italy,ITA,1930,18970800
Italy,ITA,1931,20426690
Italy,ITA,1932,18794268
Italy,ITA,1933,17876546
Italy,ITA,1934,15617763
Italy,ITA,1935,18416986
Italy,ITA,1936,16939294
Italy,ITA,1937,15367182
Italy,ITA,1938,19474234
Italy,ITA,1939,17614496
Italy,ITA,1940,15723983
Italy,ITA,1941,15107808
Italy,ITA,1942,18170214
Italy,ITA,1943,19432794
Italy,ITA,1944,20371362
Italy,ITA,1945,19936264
Italy,ITA,1946,19164332
Italy,ITA,1947,16241230
Italy,ITA,1948,13226051
Italy,ITA,1949,16488220
Italy,ITA,1950,15991822
Italy,ITA,1951,11749458
Italy,ITA,1952,14270730
Italy,ITA,1953,12725182
Italy,ITA,1954,10047751
Italy,ITA,1955,11379065
Italy,ITA,1956,8777332
Italy,ITA,1957,8705554
Italy,ITA,1958,7879285.5
Italy,ITA,1959,3017523.8
Italy,ITA,1960,1878716.1
Italy,ITA,1961,4158786.8
Italy,ITA,1962,989.27997
Italy,ITA,1963,-2727115.2
Italy,ITA,1964,-2351335.5
Italy,ITA,1965,-3810083.8
Italy,ITA,1966,-3128506.5
Italy,ITA,1967,-672344
Italy,ITA,1968,-6425080.5
Italy,ITA,1969,-7277583.5
Italy,ITA,1970,-65682470
Italy,ITA,1971,-58201944
Italy,ITA,1972,-57521980
Italy,ITA,1973,-50718076
Italy,ITA,1974,-48595596
Italy,ITA,1975,-46826360
Italy,ITA,1976,-46479304
Italy,ITA,1977,-40248564
Italy,ITA,1978,-39442010
Italy,ITA,1979,-38694040
Italy,ITA,1980,-37268190
Italy,ITA,1981,-35454220
Italy,ITA,1982,-37624296
Italy,ITA,1983,-36668140
Italy,ITA,1984,-38234644
Italy,ITA,1985,-36322296
Italy,ITA,1986,-35273988
Italy,ITA,1987,-36347836
Italy,ITA,1988,-34539650
Italy,ITA,1989,-32824970
Italy,ITA,1990,-40184844
Italy,ITA,1991,-43469990
Italy,ITA,1992,-47367972
Italy,ITA,1993,-48991892
Italy,ITA,1994,-50916740
Italy,ITA,1995,-42874624
Italy,ITA,1996,-42640310
Italy,ITA,1997,-27503926
Italy,ITA,1998,-7601151
Italy,ITA,1999,-21337524
Italy,ITA,2000,-26313602
Italy,ITA,2001,-32580398
Italy,ITA,2002,-40625772
Italy,ITA,2003,-35296960
Italy,ITA,2004,-38881856
Italy,ITA,2005,-46130570
Italy,ITA,2006,-48461604
Italy,ITA,2007,-19074382
Italy,ITA,2008,-39482016
Italy,ITA,2009,-22949428
Italy,ITA,2010,-39489932
Italy,ITA,2011,-28732392
Italy,ITA,2012,-43039324
Italy,ITA,2013,-42664604
Italy,ITA,2014,-43691296
Italy,ITA,2015,-38568840
Italy,ITA,2016,-33216908
Italy,ITA,2017,-40188910
Italy,ITA,2018,-713673.94
Italy,ITA,2019,-22898350
Italy,ITA,2020,-28581362
Italy,ITA,2021,2418130
Italy,ITA,2022,-10107913
Italy,ITA,2023,-11977067
Italy,ITA,2024,-12347314
Latvia,LVA,1850,11041501
Latvia,LVA,1851,10920515
Latvia,LVA,1852,10911538
Latvia,LVA,1853,10872773
Latvia,LVA,1854,11127971
Latvia,LVA,1855,11044872
Latvia,LVA,1856,11015633
Latvia,LVA,1857,11095691
Latvia,LVA,1858,11114781
Latvia,LVA,1859,11290982
Latvia,LVA,1860,10663999
Latvia,LVA,1861,10527661
Latvia,LVA,1862,10454968
Latvia,LVA,1863,10495675
Latvia,LVA,1864,10412612
Latvia,LVA,1865,10394475
Latvia,LVA,1866,10239488
Latvia,LVA,1867,10382164
Latvia,LVA,1868,10262974
Latvia,LVA,1869,10298295
Latvia,LVA,1870,10458631
Latvia,LVA,1871,10299540
Latvia,LVA,1872,10276128
Latvia,LVA,1873,10269130
Latvia,LVA,1874,10328303
Latvia,LVA,1875,10288476
Latvia,LVA,1876,10303131
Latvia,LVA,1877,10326471
Latvia,LVA,1878,10444819
Latvia,LVA,1879,10468817
Latvia,LVA,1880,10453318
Latvia,LVA,1881,10378756
Latvia,LVA,1882,10500474
Latvia,LVA,1883,10633807
Latvia,LVA,1884,10660481
Latvia,LVA,1885,10603909
Latvia,LVA,1886,10606694
Latvia,LVA,1887,10701848
Latvia,LVA,1888,10668395
Latvia,LVA,1889,10687448
Latvia,LVA,1890,10868230
Latvia,LVA,1891,10823309
Latvia,LVA,1892,10702507
Latvia,LVA,1893,10635163
Latvia,LVA,1894,10593357
Latvia,LVA,1895,10741822
Latvia,LVA,1896,10738232
Latvia,LVA,1897,10780441
Latvia,LVA,1898,10941180
Latvia,LVA,1899,10923007
Latvia,LVA,1900,10882117
Latvia,LVA,1901,11102616
Latvia,LVA,1902,10924289
Latvia,LVA,1903,11115293
Latvia,LVA,1904,11066196
Latvia,LVA,1905,11123904
Latvia,LVA,1906,11115843
Latvia,LVA,1907,11147977
Latvia,LVA,1908,11191505
Latvia,LVA,1909,11261890
Latvia,LVA,1910,9609609
Latvia,LVA,1911,9106103
Latvia,LVA,1912,8771323
Latvia,LVA,1913,8527338
Latvia,LVA,1914,8320724.5
Latvia,LVA,1915,8174384
Latvia,LVA,1916,7845283.5
Latvia,LVA,1917,7698869.5
Latvia,LVA,1918,7574001.5
Latvia,LVA,1919,7338112.5
Latvia,LVA,1920,7273223
Latvia,LVA,1921,7129301.5
Latvia,LVA,1922,7007986
Latvia,LVA,1923,6831565
Latvia,LVA,1924,6777740.5
Latvia,LVA,1925,6738572.5
Latvia,LVA,1926,6546835.5
Latvia,LVA,1927,6351434
Latvia,LVA,1928,6257635.5
Latvia,LVA,1929,6353046
Latvia,LVA,1930,5626585
Latvia,LVA,1931,5476544
Latvia,LVA,1932,5345006.5
Latvia,LVA,1933,5147077.5
Latvia,LVA,1934,5021365.5
Latvia,LVA,1935,4824388.5
Latvia,LVA,1936,4851905.5
Latvia,LVA,1937,4554755
Latvia,LVA,1938,4616786.5
Latvia,LVA,1939,4431021.5
Latvia,LVA,1940,3817924.5
Latvia,LVA,1941,3524438.2
Latvia,LVA,1942,3175368.8
Latvia,LVA,1943,2824174.5
Latvia,LVA,1944,2490054.5
Latvia,LVA,1945,2172972
Latvia,LVA,1946,1849660.5
Latvia,LVA,1947,1557236.6
Latvia,LVA,1948,1172443.4
Latvia,LVA,1949,1057210.6
Latvia,LVA,1950,1033028.2
Latvia,LVA,1951,1642644.5
Latvia,LVA,1952,2480711.2
Latvia,LVA,1953,2974325.2
Latvia,LVA,1954,3471090.5
Latvia,LVA,1955,4031023
Latvia,LVA,1956,4514048
Latvia,LVA,1957,4965269.5
Latvia,LVA,1958,5217462.5
Latvia,LVA,1959,5470205.5
Latvia,LVA,1960,3747356
Latvia,LVA,1961,3911137
Latvia,LVA,1962,2850079
Latvia,LVA,1963,2597592.8
Latvia,LVA,1964,2802264
Latvia,LVA,1965,2167659
Latvia,LVA,1966,2134536.5
Latvia,LVA,1967,2028646.9
Latvia,LVA,1968,2680765.5
Latvia,LVA,1969,2035242
Latvia,LVA,1970,1894361.2
Latvia,LVA,1971,2281756
Latvia,LVA,1972,2271716.8
Latvia,LVA,1973,2694725.5
Latvia,LVA,1974,1870252.1
Latvia,LVA,1975,2391676
Latvia,LVA,1976,2461402
Latvia,LVA,1977,2008275.1
Latvia,LVA,1978,1714312.4
Latvia,LVA,1979,2067705
Latvia,LVA,1980,2101047.5
Latvia,LVA,1981,2513101
Latvia,LVA,1982,2320777.8
Latvia,LVA,1983,2026302
Latvia,LVA,1984,2176489.2
Latvia,LVA,1985,2197227.5
Latvia,LVA,1986,1904364
Latvia,LVA,1987,1665434.6
Latvia,LVA,1988,1517042.5
Latvia,LVA,1989,1521915.6
Latvia,LVA,1990,1532468
Latvia,LVA,1991,1897182.6
Latvia,LVA,1992,1577535.2
Latvia,LVA,1993,11891072
Latvia,LVA,1994,-9184988
Latvia,LVA,1995,-5976387
Latvia,LVA,1996,-8597026
Latvia,LVA,1997,-8967603
Latvia,LVA,1998,-10943269
Latvia,LVA,1999,-9398820
Latvia,LVA,2000,-10782163
Latvia,LVA,2001,-9298536
Latvia,LVA,2002,-9708941
Latvia,LVA,2003,-4211694.5
Latvia,LVA,2004,2793543.5
Latvia,LVA,2005,7152237.5
Latvia,LVA,2006,-804431.2
Latvia,LVA,2007,-2507312
Latvia,LVA,2008,-2135928.8
Latvia,LVA,2009,-2637640.2
Latvia,LVA,2010,-1821337.8
Latvia,LVA,2011,-266519.38
Latvia,LVA,2012,1605491.5
Latvia,LVA,2013,-135458.08
Latvia,LVA,2014,448436.97
Latvia,LVA,2015,4031059.8
Latvia,LVA,2016,1278296.2
Latvia,LVA,2017,1003386.4
Latvia,LVA,2018,2617048.5
Latvia,LVA,2019,1925688.4
Latvia,LVA,2020,1899747.4
Latvia,LVA,2021,1279835.2
Latvia,LVA,2022,2260394.8
Latvia,LVA,2023,2696520.8
Latvia,LVA,2024,2947285
Lithuania,LTU,1850,21571690
Lithuania,LTU,1851,21706196
Lithuania,LTU,1852,21857922
Lithuania,LTU,1853,21664938
Lithuania,LTU,1854,22060358
Lithuania,LTU,1855,22058342
Lithuania,LTU,1856,22216920
Lithuania,LTU,1857,22257226
Lithuania,LTU,1858,22427306
Lithuania,LTU,1859,22723946
Lithuania,LTU,1860,21751994
Lithuania,LTU,1861,21394426
Lithuania,LTU,1862,21195360
Lithuania,LTU,1863,21269482
Lithuania,LTU,1864,21169456
Lithuania,LTU,1865,20808772
Lithuania,LTU,1866,21037918
Lithuania,LTU,1867,20936060
Lithuania,LTU,1868,20916054
Lithuania,LTU,1869,20904696
Lithuania,LTU,1870,21031140
Lithuania,LTU,1871,20992302
Lithuania,LTU,1872,21103028
Lithuania,LTU,1873,20844056
Lithuania,LTU,1874,21012454
Lithuania,LTU,1875,21031910
Lithuania,LTU,1876,20950898
Lithuania,LTU,1877,20921000
Lithuania,LTU,1878,21191624
Lithuania,LTU,1879,21165168
Lithuania,LTU,1880,21266882
Lithuania,LTU,1881,21181364
Lithuania,LTU,1882,21185616
Lithuania,LTU,1883,21404574
Lithuania,LTU,1884,21360130
Lithuania,LTU,1885,21287876
Lithuania,LTU,1886,21464298
Lithuania,LTU,1887,21590084
Lithuania,LTU,1888,21424728
Lithuania,LTU,1889,21644164
Lithuania,LTU,1890,21437772
Lithuania,LTU,1891,21366652
Lithuania,LTU,1892,21483020
Lithuania,LTU,1893,21386036
Lithuania,LTU,1894,21580118
Lithuania,LTU,1895,21544942
Lithuania,LTU,1896,21453308
Lithuania,LTU,1897,21548168
Lithuania,LTU,1898,21616794
Lithuania,LTU,1899,21829306
Lithuania,LTU,1900,21646324
Lithuania,LTU,1901,21717334
Lithuania,LTU,1902,21500426
Lithuania,LTU,1903,21491448
Lithuania,LTU,1904,21434766
Lithuania,LTU,1905,21671498
Lithuania,LTU,1906,21608074
Lithuania,LTU,1907,21513432
Lithuania,LTU,1908,21719092
Lithuania,LTU,1909,21882508
Lithuania,LTU,1910,17844230
Lithuania,LTU,1911,16721031
Lithuania,LTU,1912,15910847
Lithuania,LTU,1913,15178083
Lithuania,LTU,1914,14908156
Lithuania,LTU,1915,14324262
Lithuania,LTU,1916,13567902
Lithuania,LTU,1917,13357698
Lithuania,LTU,1918,12956087
Lithuania,LTU,1919,12327345
Lithuania,LTU,1920,12257142
Lithuania,LTU,1921,11877809
Lithuania,LTU,1922,11571865
Lithuania,LTU,1923,11163402
Lithuania,LTU,1924,10912271
Lithuania,LTU,1925,10658576
Lithuania,LTU,1926,10391690
Lithuania,LTU,1927,10107364
Lithuania,LTU,1928,9934899
Lithuania,LTU,1929,9872978
Lithuania,LTU,1930,12281289
Lithuania,LTU,1931,13372574
Lithuania,LTU,1932,14009487
Lithuania,LTU,1933,14404210
Lithuania,LTU,1934,15043358
Lithuania,LTU,1935,15201460
Lithuania,LTU,1936,15949905
Lithuania,LTU,1937,16145195
Lithuania,LTU,1938,16634230
Lithuania,LTU,1939,16803324
Lithuania,LTU,1940,12962645
Lithuania,LTU,1941,11353417
Lithuania,LTU,1942,10025437
Lithuania,LTU,1943,8763445
Lithuania,LTU,1944,7656184.5
Lithuania,LTU,1945,6449116.5
Lithuania,LTU,1946,5556639
Lithuania,LTU,1947,4612903
Lithuania,LTU,1948,3726801
Lithuania,LTU,1949,3049107.5
Lithuania,LTU,1950,1881757.2
Lithuania,LTU,1951,1407745.4
Lithuania,LTU,1952,693302.06
Lithuania,LTU,1953,-10369.119
Lithuania,LTU,1954,-910284.1
Lithuania,LTU,1955,-1517262.4
Lithuania,LTU,1956,-2576048.5
Lithuania,LTU,1957,-4140466.8
Lithuania,LTU,1958,-6813318
Lithuania,LTU,1959,-14824801
Lithuania,LTU,1960,-14425058
Lithuania,LTU,1961,-13348465
Lithuania,LTU,1962,-13441165
Lithuania,LTU,1963,-12935678
Lithuania,LTU,1964,-12313422
Lithuania,LTU,1965,-12440929
Lithuania,LTU,1966,-11824424
Lithuania,LTU,1967,-11138231
Lithuania,LTU,1968,-10244250
Lithuania,LTU,1969,-9884410
Lithuania,LTU,1970,-9448210
Lithuania,LTU,1971,-8694416
Lithuania,LTU,1972,-8256970.5
Lithuania,LTU,1973,-7198038
Lithuania,LTU,1974,-7202434.5
Lithuania,LTU,1975,-6406284.5
Lithuania,LTU,1976,-5925750.5
Lithuania,LTU,1977,-5939893.5
Lithuania,LTU,1978,-5735772.5
Lithuania,LTU,1979,-5076032.5
Lithuania,LTU,1980,-4628291.5
Lithuania,LTU,1981,-4008196.2
Lithuania,LTU,1982,-3693861.5
Lithuania,LTU,1983,-3716102
Lithuania,LTU,1984,-3199331.5
Lithuania,LTU,1985,-2870597.5
Lithuania,LTU,1986,-2719091
Lithuania,LTU,1987,-2685895.2
Lithuania,LTU,1988,-2760237.8
Lithuania,LTU,1989,-2684759.2
Lithuania,LTU,1990,-2510719.2
Lithuania,LTU,1991,-1765278.6
Lithuania,LTU,1992,-1665837.6
Lithuania,LTU,1993,-5869545
Lithuania,LTU,1994,12832354
Lithuania,LTU,1995,1899161
Lithuania,LTU,1996,386478.72
Lithuania,LTU,1997,317632.16
Lithuania,LTU,1998,4320112.5
Lithuania,LTU,1999,5120953
Lithuania,LTU,2000,-19161034
Lithuania,LTU,2001,-16110279
Lithuania,LTU,2002,-19913144
Lithuania,LTU,2003,-14476061
Lithuania,LTU,2004,-545899.4
Lithuania,LTU,2005,-9033519
Lithuania,LTU,2006,-11890046
Lithuania,LTU,2007,-11357960
Lithuania,LTU,2008,-7607307
Lithuania,LTU,2009,-3535686.8
Lithuania,LTU,2010,-4090159.8
Lithuania,LTU,2011,-2855685
Lithuania,LTU,2012,-1303907.8
Lithuania,LTU,2013,957989.44
Lithuania,LTU,2014,-691360.2
Lithuania,LTU,2015,-3303279.2
Lithuania,LTU,2016,-3958805.2
Lithuania,LTU,2017,-2629286.2
Lithuania,LTU,2018,-86250.555
Lithuania,LTU,2019,-1785284
Lithuania,LTU,2020,-1839731
Lithuania,LTU,2021,-2264608.5
Lithuania,LTU,2022,-1473331.1
Lithuania,LTU,2023,-1062706.5
Lithuania,LTU,2024,-685534.4
Luxembourg,LUX,1850,461151.06
Luxembourg,LUX,1851,454702.4
Luxembourg,LUX,1852,457890.06
Luxembourg,LUX,1853,468552.34
Luxembourg,LUX,1854,474231.5
Luxembourg,LUX,1855,469211.84
Luxembourg,LUX,1856,472216.3
Luxembourg,LUX,1857,471996.5
Luxembourg,LUX,1858,465767.7
Luxembourg,LUX,1859,453383.38
Luxembourg,LUX,1860,407253.6
Luxembourg,LUX,1861,372335.7
Luxembourg,LUX,1862,343280.16
Luxembourg,LUX,1863,309644.62
Luxembourg,LUX,1864,293486.4
Luxembourg,LUX,1865,259887.5
Luxembourg,LUX,1866,231821.3
Luxembourg,LUX,1867,224493.28
Luxembourg,LUX,1868,202802.39
Luxembourg,LUX,1869,182247.36
Luxembourg,LUX,1870,202032.95
Luxembourg,LUX,1871,199321.61
Luxembourg,LUX,1872,200640.64
Luxembourg,LUX,1873,207785.44
Luxembourg,LUX,1874,212512
Luxembourg,LUX,1875,209507.52
Luxembourg,LUX,1876,214820.33
Luxembourg,LUX,1877,215369.92
Luxembourg,LUX,1878,211999.03
Luxembourg,LUX,1879,204194.72
Luxembourg,LUX,1880,212255.52
Luxembourg,LUX,1881,204964.16
Luxembourg,LUX,1882,199944.48
Luxembourg,LUX,1883,191150.89
Luxembourg,LUX,1884,194888.16
Luxembourg,LUX,1885,182393.92
Luxembourg,LUX,1886,176458.25
Luxembourg,LUX,1887,190564.64
Luxembourg,LUX,1888,184409.12
Luxembourg,LUX,1889,180745.12
Luxembourg,LUX,1890,180195.53
Luxembourg,LUX,1891,171548.48
Luxembourg,LUX,1892,166492.16
Luxembourg,LUX,1893,169643.2
Luxembourg,LUX,1894,166821.92
Luxembourg,LUX,1895,155280.33
Luxembourg,LUX,1896,156013.12
Luxembourg,LUX,1897,153484.95
Luxembourg,LUX,1898,145424.16
Luxembourg,LUX,1899,134908.47
Luxembourg,LUX,1900,159933.61
Luxembourg,LUX,1901,151140
Luxembourg,LUX,1902,142639.52
Luxembourg,LUX,1903,139598.4
Luxembourg,LUX,1904,141613.6
Luxembourg,LUX,1905,140148
Luxembourg,LUX,1906,131207.84
Luxembourg,LUX,1907,131830.72
Luxembourg,LUX,1908,127580.484
Luxembourg,LUX,1909,120325.76
Luxembourg,LUX,1910,82036.96
Luxembourg,LUX,1911,79985.12
Luxembourg,LUX,1912,61481.92
Luxembourg,LUX,1913,41439.84
Luxembourg,LUX,1914,20298.559
Luxembourg,LUX,1915,11981.28
Luxembourg,LUX,1916,-5276.16
Luxembourg,LUX,1917,-22350.4
Luxembourg,LUX,1918,-21874.08
Luxembourg,LUX,1919,-36053.76
Luxembourg,LUX,1920,-40560.48
Luxembourg,LUX,1921,-32866.08
Luxembourg,LUX,1922,-30740.96
Luxembourg,LUX,1923,-47888.48
Luxembourg,LUX,1924,-57304.96
Luxembourg,LUX,1925,-54520.32
Luxembourg,LUX,1926,-50966.242
Luxembourg,LUX,1927,-53128
Luxembourg,LUX,1928,-48548
Luxembourg,LUX,1929,-46129.76
Luxembourg,LUX,1930,-57414.88
Luxembourg,LUX,1931,-64120
Luxembourg,LUX,1932,-62984.16
Luxembourg,LUX,1933,-62288.004
Luxembourg,LUX,1934,-63387.203
Luxembourg,LUX,1935,-74379.2
Luxembourg,LUX,1936,-80608
Luxembourg,LUX,1937,-86323.84
Luxembourg,LUX,1938,-81157.6
Luxembourg,LUX,1939,-93395.36
Luxembourg,LUX,1940,-123073.76
Luxembourg,LUX,1941,-145204.31
Luxembourg,LUX,1942,-168104.33
Luxembourg,LUX,1943,-185654.89
Luxembourg,LUX,1944,-206686.23
Luxembourg,LUX,1945,-230245.77
Luxembourg,LUX,1946,-250544.31
Luxembourg,LUX,1947,-268204.8
Luxembourg,LUX,1948,-289162.88
Luxembourg,LUX,1949,-302096.8
Luxembourg,LUX,1950,-316129.94
Luxembourg,LUX,1951,-336391.84
Luxembourg,LUX,1952,-344086.25
Luxembourg,LUX,1953,-346980.8
Luxembourg,LUX,1954,-356140.78
Luxembourg,LUX,1955,-360207.84
Luxembourg,LUX,1956,-369954.1
Luxembourg,LUX,1957,-367975.5
Luxembourg,LUX,1958,-376879.06
Luxembourg,LUX,1959,-371016.62
Luxembourg,LUX,1960,-350424.97
Luxembourg,LUX,1961,-341594.72
Luxembourg,LUX,1962,-324080.8
Luxembourg,LUX,1963,-317778.72
Luxembourg,LUX,1964,-298835.84
Luxembourg,LUX,1965,-297443.53
Luxembourg,LUX,1966,-294585.6
Luxembourg,LUX,1967,-281761.6
Luxembourg,LUX,1968,-272784.8
Luxembourg,LUX,1969,-263917.9
Luxembourg,LUX,1970,-251973.28
Luxembourg,LUX,1971,-226142.08
Luxembourg,LUX,1972,-216615.67
Luxembourg,LUX,1973,-204707.69
Luxembourg,LUX,1974,-197343.05
Luxembourg,LUX,1975,-193825.61
Luxembourg,LUX,1976,-186607.52
Luxembourg,LUX,1977,-190308.17
Luxembourg,LUX,1978,-196170.56
Luxembourg,LUX,1979,-432315.38
Luxembourg,LUX,1980,-420663.84
Luxembourg,LUX,1981,-367645.75
Luxembourg,LUX,1982,-375083.7
Luxembourg,LUX,1983,-280552.47
Luxembourg,LUX,1984,-300448
Luxembourg,LUX,1985,-294548.97
Luxembourg,LUX,1986,-280479.2
Luxembourg,LUX,1987,-245597.9
Luxembourg,LUX,1988,-230428.97
Luxembourg,LUX,1989,-210936.48
Luxembourg,LUX,1990,-197233.12
Luxembourg,LUX,1991,383254.38
Luxembourg,LUX,1992,229219.84
Luxembourg,LUX,1993,744085.1
Luxembourg,LUX,1994,226618.4
Luxembourg,LUX,1995,95300.64
Luxembourg,LUX,1996,163927.36
Luxembourg,LUX,1997,128752.96
Luxembourg,LUX,1998,159713.77
Luxembourg,LUX,1999,442208.16
Luxembourg,LUX,2000,221159.03
Luxembourg,LUX,2001,164989.92
Luxembourg,LUX,2002,142639.52
Luxembourg,LUX,2003,147659.2
Luxembourg,LUX,2004,89951.2
Luxembourg,LUX,2005,97205.92
Luxembourg,LUX,2006,233799.83
Luxembourg,LUX,2007,217934.72
Luxembourg,LUX,2008,117211.36
Luxembourg,LUX,2009,126517.914
Luxembourg,LUX,2010,131904
Luxembourg,LUX,2011,157002.39
Luxembourg,LUX,2012,144361.6
Luxembourg,LUX,2013,177960.48
Luxembourg,LUX,2014,182393.92
Luxembourg,LUX,2015,134505.45
Luxembourg,LUX,2016,162022.08
Luxembourg,LUX,2017,164183.84
Luxembourg,LUX,2018,139488.48
Luxembourg,LUX,2019,163304.47
Luxembourg,LUX,2020,187560.16
Luxembourg,LUX,2021,133809.28
Luxembourg,LUX,2022,140990.72
Luxembourg,LUX,2023,139891.53
Luxembourg,LUX,2024,138499.2
Malta,MLT,1850,31656.959
Malta,MLT,1851,29202.078
Malta,MLT,1852,27003.68
Malta,MLT,1853,25061.76
Malta,MLT,1854,23266.4
Malta,MLT,1855,21690.879
Malta,MLT,1856,20261.92
Malta,MLT,1857,18942.879
Malta,MLT,1858,17770.4
Malta,MLT,1859,16707.84
Malta,MLT,1860,15572.001
Malta,MLT,1861,14582.72
Malta,MLT,1862,13666.72
Malta,MLT,1863,12860.64
Malta,MLT,1864,12127.84
Malta,MLT,1865,11431.68
Malta,MLT,1866,10808.801
Malta,MLT,1867,10222.561
Malta,MLT,1868,9672.96
Malta,MLT,1869,9160
Malta,MLT,1870,8683.68
Malta,MLT,1871,8244
Malta,MLT,1872,7840.96
Malta,MLT,1873,7437.9204
Malta,MLT,1874,7108.16
Malta,MLT,1875,6741.7603
Malta,MLT,1876,6412
Malta,MLT,1877,6118.88
Malta,MLT,1878,5825.76
Malta,MLT,1879,5569.2803
Malta,MLT,1880,5312.8
Malta,MLT,1881,5056.3203
Malta,MLT,1882,4836.48
Malta,MLT,1883,4616.64
Malta,MLT,1884,4396.8003
Malta,MLT,1885,4213.6
Malta,MLT,1886,4030.4
Malta,MLT,1887,3847.2
Malta,MLT,1888,3664.0002
Malta,MLT,1889,3517.44
Malta,MLT,1890,2784.6401
Malta,MLT,1891,2125.1199
Malta,MLT,1892,1502.24
Malta,MLT,1893,879.36
Malta,MLT,1894,329.76
Malta,MLT,1895,-219.84
Malta,MLT,1896,-696.16003
Malta,MLT,1897,-1172.48
Malta,MLT,1898,-1648.7999
Malta,MLT,1899,-2088.48
Malta,MLT,1900,-1758.72
Malta,MLT,1901,-1538.88
Malta,MLT,1902,-1319.04
Malta,MLT,1903,-1135.84
Malta,MLT,1904,-989.27997
Malta,MLT,1905,-842.72003
Malta,MLT,1906,-696.16003
Malta,MLT,1907,-586.24
Malta,MLT,1908,-476.32
Malta,MLT,1909,-366.4
Malta,MLT,1910,-1612.16
Malta,MLT,1911,-2308.32
Malta,MLT,1912,-2857.92
Malta,MLT,1913,-3334.24
Malta,MLT,1914,-3773.9202
Malta,MLT,1915,-4176.96
Malta,MLT,1916,-4543.36
Malta,MLT,1917,-4909.76
Malta,MLT,1918,-5239.52
Malta,MLT,1919,-5532.64
Malta,MLT,1920,-5862.4
Malta,MLT,1921,-6155.52
Malta,MLT,1922,-6412
Malta,MLT,1923,-6668.48
Malta,MLT,1924,-6888.32
Malta,MLT,1925,-7144.8
Malta,MLT,1926,-7328.0005
Malta,MLT,1927,-7547.8403
Malta,MLT,1928,-7731.04
Malta,MLT,1929,-7914.2397
Malta,MLT,1930,-9746.24
Malta,MLT,1931,-11431.68
Malta,MLT,1932,-13007.2
Malta,MLT,1933,-14509.439
Malta,MLT,1934,-15901.76
Malta,MLT,1935,-17257.44
Malta,MLT,1936,-18503.2
Malta,MLT,1937,-19675.68
Malta,MLT,1938,-20811.52
Malta,MLT,1939,-21874.08
Malta,MLT,1940,-24768.639
Malta,MLT,1941,-27480
Malta,MLT,1942,-30044.8
Malta,MLT,1943,-32426.4
Malta,MLT,1944,-34698.08
Malta,MLT,1945,-36859.84
Malta,MLT,1946,-38911.68
Malta,MLT,1947,-40853.598
Malta,MLT,1948,-42685.598
Malta,MLT,1949,-44407.68
Malta,MLT,1950,-49720.48
Malta,MLT,1951,-54483.68
Malta,MLT,1952,-59100.32
Malta,MLT,1953,-63900.16
Malta,MLT,1954,-68956.484
Malta,MLT,1955,-74122.73
Malta,MLT,1956,-79179.04
Malta,MLT,1957,-83795.68
Malta,MLT,1958,-87642.875
Malta,MLT,1959,-90464.164
Malta,MLT,1960,-85407.84
Malta,MLT,1961,-100686.72
Malta,MLT,1962,-114976.33
Malta,MLT,1963,-128386.555
Malta,MLT,1964,-141027.36
Malta,MLT,1965,-132966.56
Malta,MLT,1966,-125601.914
Malta,MLT,1967,-118786.875
Malta,MLT,1968,-112448.16
Malta,MLT,1969,-106585.76
Malta,MLT,1970,-101053.125
Malta,MLT,1971,-95886.88
Malta,MLT,1972,-91050.4
Malta,MLT,1973,-86433.76
Malta,MLT,1974,-102555.36
Malta,MLT,1975,-96876.164
Malta,MLT,1976,-21874.08
Malta,MLT,1977,-54044
Malta,MLT,1978,-59210.242
Malta,MLT,1979,-79801.914
Malta,MLT,1980,-76687.516
Malta,MLT,1981,-73573.12
Malta,MLT,1982,-70422.08
Malta,MLT,1983,-67344.32
Malta,MLT,1984,-64339.84
Malta,MLT,1985,-61408.637
Malta,MLT,1986,-58660.637
Malta,MLT,1987,-55985.918
Malta,MLT,1988,-53457.758
Malta,MLT,1989,-50966.242
Malta,MLT,1990,-48621.28
Malta,MLT,1991,-46349.6
Malta,MLT,1992,-43491.68
Malta,MLT,1993,-41000.16
Malta,MLT,1994,-81194.234
Malta,MLT,1995,-75112
Malta,MLT,1996,-92845.76
Malta,MLT,1997,-108454.4
Malta,MLT,1998,-100906.56
Malta,MLT,1999,-95923.516
Malta,MLT,2000,-8097.4404
Malta,MLT,2001,-49280.8
Malta,MLT,2002,-22570.24
Malta,MLT,2003,-51405.92
Malta,MLT,2004,-69103.04
Malta,MLT,2005,-67417.6
Malta,MLT,2006,-65658.88
Malta,MLT,2007,-62910.883
Malta,MLT,2008,-60382.723
Malta,MLT,2009,35980.48
Malta,MLT,2010,-15975.04
Malta,MLT,2011,-28396
Malta,MLT,2012,-33049.277
Malta,MLT,2013,-33232.48
Malta,MLT,2014,-33635.52
Malta,MLT,2015,-18539.84
Malta,MLT,2016,-26673.92
Malta,MLT,2017,-27773.12
Malta,MLT,2018,-27919.68
Malta,MLT,2019,-54410.4
Malta,MLT,2020,-59723.2
Malta,MLT,2021,-56901.92
Malta,MLT,2022,-61225.44
Malta,MLT,2023,-65182.562
Malta,MLT,2024,-68883.195
Netherlands,NLD,1850,6640084
Netherlands,NLD,1851,6561198
Netherlands,NLD,1852,6402510.5
Netherlands,NLD,1853,6741613.5
Netherlands,NLD,1854,6977465
Netherlands,NLD,1855,6665219
Netherlands,NLD,1856,6885572
Netherlands,NLD,1857,7012419.5
Netherlands,NLD,1858,6904368.5
Netherlands,NLD,1859,6555958.5
Netherlands,NLD,1860,7196865.5
Netherlands,NLD,1861,7083245
Netherlands,NLD,1862,6889822
Netherlands,NLD,1863,6965264
Netherlands,NLD,1864,6943390
Netherlands,NLD,1865,6775249
Netherlands,NLD,1866,6764403.5
Netherlands,NLD,1867,7232223
Netherlands,NLD,1868,7084930.5
Netherlands,NLD,1869,7195510
Netherlands,NLD,1870,7933109.5
Netherlands,NLD,1871,8097000.5
Netherlands,NLD,1872,8066589.5
Netherlands,NLD,1873,8701743
Netherlands,NLD,1874,9158864
Netherlands,NLD,1875,8869995
Netherlands,NLD,1876,9244345
Netherlands,NLD,1877,9499982
Netherlands,NLD,1878,9431979
Netherlands,NLD,1879,9131018
Netherlands,NLD,1880,10207465
Netherlands,NLD,1881,10012796
Netherlands,NLD,1882,9883713
Netherlands,NLD,1883,10064422
Netherlands,NLD,1884,10091499
Netherlands,NLD,1885,9909032
Netherlands,NLD,1886,9984363
Netherlands,NLD,1887,10746329
Netherlands,NLD,1888,10605595
Netherlands,NLD,1889,10774212
Netherlands,NLD,1890,11453224
Netherlands,NLD,1891,11083050
Netherlands,NLD,1892,10680157
Netherlands,NLD,1893,11445567
Netherlands,NLD,1894,11685339
Netherlands,NLD,1895,11120790
Netherlands,NLD,1896,11370637
Netherlands,NLD,1897,11442855
Netherlands,NLD,1898,11184983
Netherlands,NLD,1899,10702250
Netherlands,NLD,1900,11258079
Netherlands,NLD,1901,10769632
Netherlands,NLD,1902,10093990
Netherlands,NLD,1903,9494340
Netherlands,NLD,1904,10014078
Netherlands,NLD,1905,9978574
Netherlands,NLD,1906,9338913
Netherlands,NLD,1907,9400358
Netherlands,NLD,1908,9279190
Netherlands,NLD,1909,8919824
Netherlands,NLD,1910,8394993
Netherlands,NLD,1911,9115702
Netherlands,NLD,1912,8605087
Netherlands,NLD,1913,8222382.5
Netherlands,NLD,1914,8143973
Netherlands,NLD,1915,7940181
Netherlands,NLD,1916,7677289
Netherlands,NLD,1917,7524500.5
Netherlands,NLD,1918,7889142
Netherlands,NLD,1919,7591661.5
Netherlands,NLD,1920,7448728.5
Netherlands,NLD,1921,8007342.5
Netherlands,NLD,1922,8304529.5
Netherlands,NLD,1923,7350643.5
Netherlands,NLD,1924,6741943
Netherlands,NLD,1925,6661188.5
Netherlands,NLD,1926,6765979
Netherlands,NLD,1927,6584794.5
Netherlands,NLD,1928,6763561
Netherlands,NLD,1929,6895172
Netherlands,NLD,1930,6092133
Netherlands,NLD,1931,5602695.5
Netherlands,NLD,1932,5667548.5
Netherlands,NLD,1933,5634499
Netherlands,NLD,1934,5461082.5
Netherlands,NLD,1935,4919872.5
Netherlands,NLD,1936,4814715.5
Netherlands,NLD,1937,4516466.5
Netherlands,NLD,1938,4803028
Netherlands,NLD,1939,4396470.5
Netherlands,NLD,1940,4612463
Netherlands,NLD,1941,4886164
Netherlands,NLD,1942,4841499.5
Netherlands,NLD,1943,5291365.5
Netherlands,NLD,1944,5301917.5
Netherlands,NLD,1945,5250402.5
Netherlands,NLD,1946,5299353
Netherlands,NLD,1947,5412314
Netherlands,NLD,1948,5536743.5
Netherlands,NLD,1949,5908529.5
Netherlands,NLD,1950,5078780
Netherlands,NLD,1951,4681383
Netherlands,NLD,1952,4617519
Netherlands,NLD,1953,4537021.5
Netherlands,NLD,1954,3946970.8
Netherlands,NLD,1955,3858265.2
Netherlands,NLD,1956,3239525.8
Netherlands,NLD,1957,3110040
Netherlands,NLD,1958,2798563.2
Netherlands,NLD,1959,3127663.8
Netherlands,NLD,1960,3070981.8
Netherlands,NLD,1961,2167219.2
Netherlands,NLD,1962,2074337
Netherlands,NLD,1963,1767367
Netherlands,NLD,1964,1749560
Netherlands,NLD,1965,1549066
Netherlands,NLD,1966,1138331.5
Netherlands,NLD,1967,1388362.9
Netherlands,NLD,1968,873607.5
Netherlands,NLD,1969,625847.8
Netherlands,NLD,1970,350644.8
Netherlands,NLD,1971,564622.4
Netherlands,NLD,1972,844442.06
Netherlands,NLD,1973,443893.6
Netherlands,NLD,1974,407656.62
Netherlands,NLD,1975,630281.3
Netherlands,NLD,1976,1343259
Netherlands,NLD,1977,642519
Netherlands,NLD,1978,491635.5
Netherlands,NLD,1979,690664
Netherlands,NLD,1980,693375.3
Netherlands,NLD,1981,730821.44
Netherlands,NLD,1982,716824.94
Netherlands,NLD,1983,1362092
Netherlands,NLD,1984,1931001.2
Netherlands,NLD,1985,2098262.8
Netherlands,NLD,1986,2580848.2
Netherlands,NLD,1987,2568830.2
Netherlands,NLD,1988,2485437.8
Netherlands,NLD,1989,4082025.8
Netherlands,NLD,1990,2621189
Netherlands,NLD,1991,3077466.8
Netherlands,NLD,1992,3303499
Netherlands,NLD,1993,3213438
Netherlands,NLD,1994,4176007.2
Netherlands,NLD,1995,3845551.5
Netherlands,NLD,1996,5814035
Netherlands,NLD,1997,3598011.2
Netherlands,NLD,1998,8305079
Netherlands,NLD,1999,5756657
Netherlands,NLD,2000,4248921
Netherlands,NLD,2001,5288178
Netherlands,NLD,2002,5390330.5
Netherlands,NLD,2003,8427567
Netherlands,NLD,2004,8237990.5
Netherlands,NLD,2005,9789915
Netherlands,NLD,2006,8414047
Netherlands,NLD,2007,8312334
Netherlands,NLD,2008,7410330
Netherlands,NLD,2009,7147328.5
Netherlands,NLD,2010,5837375
Netherlands,NLD,2011,4967358
Netherlands,NLD,2012,6535073.5
Netherlands,NLD,2013,5736541.5
Netherlands,NLD,2014,6349932
Netherlands,NLD,2015,5875150.5
Netherlands,NLD,2016,6137236.5
Netherlands,NLD,2017,5904352.5
Netherlands,NLD,2018,5455256.5
Netherlands,NLD,2019,5353800
Netherlands,NLD,2020,5299646
Netherlands,NLD,2021,5270994
Netherlands,NLD,2022,5212296.5
Netherlands,NLD,2023,5171369.5
Netherlands,NLD,2024,5141325
Poland,POL,1850,37738064
Poland,POL,1851,39061172
Poland,POL,1852,39676464
Poland,POL,1853,39759310
Poland,POL,1854,40140108
Poland,POL,1855,39926904
Poland,POL,1856,39486490
Poland,POL,1857,39222056
Poland,POL,1858,38766440
Poland,POL,1859,38639850
Poland,POL,1860,37958892
Poland,POL,1861,37222356
Poland,POL,1862,36641210
Poland,POL,1863,36298332
Poland,POL,1864,35705900
Poland,POL,1865,35266844
Poland,POL,1866,34808770
Poland,POL,1867,34696580
Poland,POL,1868,33714224
Poland,POL,1869,33442502
Poland,POL,1870,35910756
Poland,POL,1871,36310860
Poland,POL,1872,36732110
Poland,POL,1873,36528504
Poland,POL,1874,36752816
Poland,POL,1875,36615196
Poland,POL,1876,35977840
Poland,POL,1877,35604372
Poland,POL,1878,35042716
Poland,POL,1879,35161652
Poland,POL,1880,34708190
Poland,POL,1881,33993308
Poland,POL,1882,33819380
Poland,POL,1883,33434440
Poland,POL,1884,32848494
Poland,POL,1885,32541670
Poland,POL,1886,32107704
Poland,POL,1887,32209932
Poland,POL,1888,31195370
Poland,POL,1889,30922254
Poland,POL,1890,28637494
Poland,POL,1891,27862266
Poland,POL,1892,27461864
Poland,POL,1893,26806190
Poland,POL,1894,26510834
Poland,POL,1895,26158982
Poland,POL,1896,25072166
Poland,POL,1897,24708990
Poland,POL,1898,24075410
Poland,POL,1899,24172838
Poland,POL,1900,24357722
Poland,POL,1901,24051632
Poland,POL,1902,23570550
Poland,POL,1903,23608434
Poland,POL,1904,23365510
Poland,POL,1905,23450920
Poland,POL,1906,23280690
Poland,POL,1907,22582990
Poland,POL,1908,22574380
Poland,POL,1909,22312734
Poland,POL,1910,14984880
Poland,POL,1911,8785943
Poland,POL,1912,2533802.5
Poland,POL,1913,-2687873.8
Poland,POL,1914,-7727339
Poland,POL,1915,-12951361
Poland,POL,1916,-17473946
Poland,POL,1917,-22105900
Poland,POL,1918,-25992378
Poland,POL,1919,-30569962
Poland,POL,1920,-17240036
Poland,POL,1921,-7395491
Poland,POL,1922,1660048.5
Poland,POL,1923,10388759
Poland,POL,1924,18228216
Poland,POL,1925,26033526
Poland,POL,1926,33007252
Poland,POL,1927,39819656
Poland,POL,1928,46443180
Poland,POL,1929,51773016
Poland,POL,1930,36070944
Poland,POL,1931,28054918
Poland,POL,1932,22780076
Poland,POL,1933,17599070
Poland,POL,1934,13514554
Poland,POL,1935,8709182
Poland,POL,1936,4838092.5
Poland,POL,1937,1145329.8
Poland,POL,1938,-2171139.8
Poland,POL,1939,-5395753
Poland,POL,1940,-11028567
Poland,POL,1941,-16300404
Poland,POL,1942,-20830500
Poland,POL,1943,-25066194
Poland,POL,1944,-29778536
Poland,POL,1945,-34245320
Poland,POL,1946,-38144436
Poland,POL,1947,-41782536
Poland,POL,1948,-45229588
Poland,POL,1949,-48522388
Poland,POL,1950,-35046820
Poland,POL,1951,-25207770
Poland,POL,1952,-16563149
Poland,POL,1953,-8991822
Poland,POL,1954,-3083036.2
Poland,POL,1955,1987427
Poland,POL,1956,5283891
Poland,POL,1957,7453198.5
Poland,POL,1958,6834239.5
Poland,POL,1959,6349822
Poland,POL,1960,3417815.8
Poland,POL,1961,-463789.12
Poland,POL,1962,-3486516
Poland,POL,1963,-4500271.5
Poland,POL,1964,-9844509
Poland,POL,1965,-8798290
Poland,POL,1966,-12038768
Poland,POL,1967,-12025614
Poland,POL,1968,-15613257
Poland,POL,1969,-15017784
Poland,POL,1970,-15329371
Poland,POL,1971,-16925958
Poland,POL,1972,-16921452
Poland,POL,1973,-17014444
Poland,POL,1974,-15776671
Poland,POL,1975,-15033941
Poland,POL,1976,-14735252
Poland,POL,1977,-14557109
Poland,POL,1978,-14965352
Poland,POL,1979,-14501013
Poland,POL,1980,-15899196
Poland,POL,1981,-15080584
Poland,POL,1982,-14132012
Poland,POL,1983,-6689584.5
Poland,POL,1984,-10041741
Poland,POL,1985,-10569541
Poland,POL,1986,-9723376
Poland,POL,1987,-10280232
Poland,POL,1988,-9770459
Poland,POL,1989,-9252736
Poland,POL,1990,-9253651
Poland,POL,1991,-8923635
Poland,POL,1992,-8295845
Poland,POL,1993,-7656991
Poland,POL,1994,-4510494
Poland,POL,1995,-11741141
Poland,POL,1996,-9819923
Poland,POL,1997,-8015147
Poland,POL,1998,-3641723
Poland,POL,1999,-6349382.5
Poland,POL,2000,-18537898
Poland,POL,2001,-33118346
Poland,POL,2002,-43244252
Poland,POL,2003,-28104530
Poland,POL,2004,-43384430
Poland,POL,2005,-34701012
Poland,POL,2006,-48397960
Poland,POL,2007,-32432042
Poland,POL,2008,-35678896
Poland,POL,2009,-63232064
Poland,POL,2010,-32164460
Poland,POL,2011,-50347790
Poland,POL,2012,-53264850
Poland,POL,2013,-48196144
Poland,POL,2014,-48933492
Poland,POL,2015,-47516988
Poland,POL,2016,-44423804
Poland,POL,2017,-43360030
Poland,POL,2018,-23409846
Poland,POL,2019,-11822372
Poland,POL,2020,-28724770
Poland,POL,2021,-31647618
Poland,POL,2022,-30925920
Poland,POL,2023,-29963128
Poland,POL,2024,-28885620
Portugal,PRT,1850,2030442.2
Portugal,PRT,1851,2146481
Portugal,PRT,1852,2217159.8
Portugal,PRT,1853,2269152
Portugal,PRT,1854,2317809.8
Portugal,PRT,1855,2353900.2
Portugal,PRT,1856,2387828.8
Portugal,PRT,1857,2419962
Portugal,PRT,1858,2443558.2
Portugal,PRT,1859,2460486
Portugal,PRT,1860,2970954.5
Portugal,PRT,1861,3211862.5
Portugal,PRT,1862,3372418.8
Portugal,PRT,1863,3498387.2
Portugal,PRT,1864,3607977.2
Portugal,PRT,1865,3705036.5
Portugal,PRT,1866,3792386.8
Portugal,PRT,1867,3894648.8
Portugal,PRT,1868,3947996.8
Portugal,PRT,1869,4019298
Portugal,PRT,1870,4080816.5
Portugal,PRT,1871,4159519.2
Portugal,PRT,1872,4223053
Portugal,PRT,1873,4279771.5
Portugal,PRT,1874,4331397.5
Portugal,PRT,1875,4371115
Portugal,PRT,1876,4413947.5
Portugal,PRT,1877,4445055
Portugal,PRT,1878,4477334.5
Portugal,PRT,1879,4489939
Portugal,PRT,1880,4816878
Portugal,PRT,1881,4972414.5
Portugal,PRT,1882,5082151.5
Portugal,PRT,1883,5164884
Portugal,PRT,1884,5244320
Portugal,PRT,1885,5312543.5
Portugal,PRT,1886,5377763
Portugal,PRT,1887,5479951.5
Portugal,PRT,1888,5497429
Portugal,PRT,1889,5552498.5
Portugal,PRT,1890,5090908
Portugal,PRT,1891,4922181
Portugal,PRT,1892,4816657.5
Portugal,PRT,1893,4739054
Portugal,PRT,1894,4675484
Portugal,PRT,1895,4610668
Portugal,PRT,1896,4560873.5
Portugal,PRT,1897,4507489
Portugal,PRT,1898,4461836
Portugal,PRT,1899,4403944.5
Portugal,PRT,1900,4912727.5
Portugal,PRT,1901,5125313.5
Portugal,PRT,1902,5253223.5
Portugal,PRT,1903,5338851
Portugal,PRT,1904,5414219.5
Portugal,PRT,1905,5474016
Portugal,PRT,1906,5516481.5
Portugal,PRT,1907,5560779.5
Portugal,PRT,1908,5590128
Portugal,PRT,1909,5616252.5
Portugal,PRT,1910,4536105
Portugal,PRT,1911,4015854
Portugal,PRT,1912,3660226
Portugal,PRT,1913,3371063.2
Portugal,PRT,1914,3117477.8
Portugal,PRT,1915,2899873
Portugal,PRT,1916,2704142
Portugal,PRT,1917,2530321.8
Portugal,PRT,1918,2409116.5
Portugal,PRT,1919,2234087.5
Portugal,PRT,1920,3715809
Portugal,PRT,1921,4385368.5
Portugal,PRT,1922,4789984
Portugal,PRT,1923,5097723
Portugal,PRT,1924,5355559
Portugal,PRT,1925,5577634
Portugal,PRT,1926,5778128
Portugal,PRT,1927,5961291
Portugal,PRT,1928,6120895
Portugal,PRT,1929,6297317
Portugal,PRT,1930,7058366
Portugal,PRT,1931,7477014.5
Portugal,PRT,1932,7799483.5
Portugal,PRT,1933,8082747.5
Portugal,PRT,1934,8328052
Portugal,PRT,1935,8542030
Portugal,PRT,1936,8726402
Portugal,PRT,1937,8912644
Portugal,PRT,1938,9101449
Portugal,PRT,1939,9239619
Portugal,PRT,1940,7981401
Portugal,PRT,1941,7520726
Portugal,PRT,1942,7292935.5
Portugal,PRT,1943,7119995
Portugal,PRT,1944,7043930
Portugal,PRT,1945,6933350.5
Portugal,PRT,1946,6769679.5
Portugal,PRT,1947,6714829.5
Portugal,PRT,1948,6681634
Portugal,PRT,1949,6682623
Portugal,PRT,1950,5119854
Portugal,PRT,1951,4599309.5
Portugal,PRT,1952,4394931
Portugal,PRT,1953,4313407.5
Portugal,PRT,1954,4141565.8
Portugal,PRT,1955,3910037.5
Portugal,PRT,1956,3560565.2
Portugal,PRT,1957,3208455
Portugal,PRT,1958,2813988.8
Portugal,PRT,1959,4080597
Portugal,PRT,1960,2053232.2
Portugal,PRT,1961,1881976.9
Portugal,PRT,1962,1747251.6
Portugal,PRT,1963,1681299.6
Portugal,PRT,1964,1727869.1
Portugal,PRT,1965,1682655.4
Portugal,PRT,1966,1809796.1
Portugal,PRT,1967,1422694.5
Portugal,PRT,1968,2106287
Portugal,PRT,1969,1755678.9
Portugal,PRT,1970,2138933.2
Portugal,PRT,1971,1941846.8
Portugal,PRT,1972,1899747.4
Portugal,PRT,1973,1924296.1
Portugal,PRT,1974,1931074.6
Portugal,PRT,1975,1984385.6
Portugal,PRT,1976,2067815.1
Portugal,PRT,1977,2064664
Portugal,PRT,1978,2232878.2
Portugal,PRT,1979,2137724.2
Portugal,PRT,1980,2068511.1
Portugal,PRT,1981,1950493.8
Portugal,PRT,1982,1878459.5
Portugal,PRT,1983,1909127.1
Portugal,PRT,1984,1932943.1
Portugal,PRT,1985,2009923.9
Portugal,PRT,1986,2177442
Portugal,PRT,1987,2184257
Portugal,PRT,1988,1914769.8
Portugal,PRT,1989,906217.1
Portugal,PRT,1990,140404.48
Portugal,PRT,1991,-582942.4
Portugal,PRT,1992,598038.06
Portugal,PRT,1993,-2047296.6
Portugal,PRT,1994,-3290931.5
Portugal,PRT,1995,-9028866
Portugal,PRT,1996,-11659801
Portugal,PRT,1997,-5191192
Portugal,PRT,1998,-5511645
Portugal,PRT,1999,3907582.8
Portugal,PRT,2000,-3525904
Portugal,PRT,2001,-2134390
Portugal,PRT,2002,-5615812.5
Portugal,PRT,2003,-6778180
Portugal,PRT,2004,-12782010
Portugal,PRT,2005,-10247475
Portugal,PRT,2006,-11824057
Portugal,PRT,2007,-3023313
Portugal,PRT,2008,-5854705.5
Portugal,PRT,2009,-7504604.5
Portugal,PRT,2010,-6626893.5
Portugal,PRT,2011,-4578168
Portugal,PRT,2012,-1596221.6
Portugal,PRT,2013,-3692359.5
Portugal,PRT,2014,-4129071.5
Portugal,PRT,2015,-4365546
Portugal,PRT,2016,-2596786.8
Portugal,PRT,2017,-844295.56
Portugal,PRT,2018,9724916
Portugal,PRT,2019,3431592.5
Portugal,PRT,2020,1966835.2
Portugal,PRT,2021,1119315.4
Portugal,PRT,2022,2931126.8
Portugal,PRT,2023,3670631.8
Portugal,PRT,2024,4118775.8
Romania,ROU,1850,22535944
Romania,ROU,1851,22815178
Romania,ROU,1852,23236794
Romania,ROU,1853,23559520
Romania,ROU,1854,23299450
Romania,ROU,1855,23154794
Romania,ROU,1856,23356754
Romania,ROU,1857,23542996
Romania,ROU,1858,23403104
Romania,ROU,1859,23482138
Romania,ROU,1860,23114306
Romania,ROU,1861,22946240
Romania,ROU,1862,22767070
Romania,ROU,1863,22619630
Romania,ROU,1864,22576434
Romania,ROU,1865,22758716
Romania,ROU,1866,22742082
Romania,ROU,1867,22765532
Romania,ROU,1868,22711232
Romania,ROU,1869,22359450
Romania,ROU,1870,22349778
Romania,ROU,1871,22356554
Romania,ROU,1872,22601604
Romania,ROU,1873,22789238
Romania,ROU,1874,22382350
Romania,ROU,1875,22078678
Romania,ROU,1876,22192334
Romania,ROU,1877,22242678
Romania,ROU,1878,21929516
Romania,ROU,1879,21973960
Romania,ROU,1880,21437404
Romania,ROU,1881,21180118
Romania,ROU,1882,20866078
Romania,ROU,1883,20619160
Romania,ROU,1884,20476008
Romania,ROU,1885,20587796
Romania,ROU,1886,20467654
Romania,ROU,1887,20454354
Romania,ROU,1888,20269652
Romania,ROU,1889,19814546
Romania,ROU,1890,19678942
Romania,ROU,1891,19586680
Romania,ROU,1892,19743720
Romania,ROU,1893,19900320
Romania,ROU,1894,19322764
Romania,ROU,1895,18944052
Romania,ROU,1896,19025394
Romania,ROU,1897,18988314
Romania,ROU,1898,18617956
Romania,ROU,1899,18569372
Romania,ROU,1900,20673716
Romania,ROU,1901,21296412
Romania,ROU,1902,21806296
Romania,ROU,1903,22543896
Romania,ROU,1904,23133324
Romania,ROU,1905,23017834
Romania,ROU,1906,23035568
Romania,ROU,1907,23477336
Romania,ROU,1908,23848720
Romania,ROU,1909,23695856
Romania,ROU,1910,18869014
Romania,ROU,1911,17084498
Romania,ROU,1912,15825659
Romania,ROU,1913,14695206
Romania,ROU,1914,13698853
Romania,ROU,1915,12941578
Romania,ROU,1916,12516883
Romania,ROU,1917,11855165
Romania,ROU,1918,11499171
Romania,ROU,1919,10855076
Romania,ROU,1920,24601670
Romania,ROU,1921,30372396
Romania,ROU,1922,33953260
Romania,ROU,1923,36617870
Romania,ROU,1924,38900064
Romania,ROU,1925,41598452
Romania,ROU,1926,43425396
Romania,ROU,1927,45734852
Romania,ROU,1928,47297148
Romania,ROU,1929,48618932
Romania,ROU,1930,37496972
Romania,ROU,1931,33575576
Romania,ROU,1932,31089552
Romania,ROU,1933,29462446
Romania,ROU,1934,28071700
Romania,ROU,1935,26776696
Romania,ROU,1936,25872274
Romania,ROU,1937,24509816
Romania,ROU,1938,23731800
Romania,ROU,1939,23057882
Romania,ROU,1940,22501174
Romania,ROU,1941,22153168
Romania,ROU,1942,21713670
Romania,ROU,1943,22091172
Romania,ROU,1944,21536332
Romania,ROU,1945,21433008
Romania,ROU,1946,21560294
Romania,ROU,1947,20790890
Romania,ROU,1948,20464832
Romania,ROU,1949,20492458
Romania,ROU,1950,34839292
Romania,ROU,1951,36893950
Romania,ROU,1952,38861890
Romania,ROU,1953,39307064
Romania,ROU,1954,40533916
Romania,ROU,1955,41851636
Romania,ROU,1956,42435932
Romania,ROU,1957,42831316
Romania,ROU,1958,41618096
Romania,ROU,1959,42395228
Romania,ROU,1960,39080004
Romania,ROU,1961,41404960
Romania,ROU,1962,35192244
Romania,ROU,1963,31748192
Romania,ROU,1964,31844520
Romania,ROU,1965,31037268
Romania,ROU,1966,27237260
Romania,ROU,1967,37541564
Romania,ROU,1968,27204320
Romania,ROU,1969,22418660
Romania,ROU,1970,20927522
Romania,ROU,1971,19589138
Romania,ROU,1972,16344884
Romania,ROU,1973,18278964
Romania,ROU,1974,17653592
Romania,ROU,1975,16356829
Romania,ROU,1976,15075345
Romania,ROU,1977,13809982
Romania,ROU,1978,12180345
Romania,ROU,1979,10825691
Romania,ROU,1980,9355511
Romania,ROU,1981,10720571
Romania,ROU,1982,12177744
Romania,ROU,1983,12187930
Romania,ROU,1984,14754488
Romania,ROU,1985,13940091
Romania,ROU,1986,17640036
Romania,ROU,1987,15102789
Romania,ROU,1988,-334083.5
Romania,ROU,1989,43748.16
Romania,ROU,1990,1372168
Romania,ROU,1991,-1852664.9
Romania,ROU,1992,-2175976.2
Romania,ROU,1993,-3141367
Romania,ROU,1994,859061.44
Romania,ROU,1995,-1428263.9
Romania,ROU,1996,621231.2
Romania,ROU,1997,-2102439.8
Romania,ROU,1998,2554980.5
Romania,ROU,1999,6255657
Romania,ROU,2000,42832.16
Romania,ROU,2001,1006354.2
Romania,ROU,2002,4008855.8
Romania,ROU,2003,-11661926
Romania,ROU,2004,-3972435.5
Romania,ROU,2005,-10828365
Romania,ROU,2006,-18205830
Romania,ROU,2007,-14113581
Romania,ROU,2008,-11643972
Romania,ROU,2009,26235852
Romania,ROU,2010,491379.06
Romania,ROU,2011,-8596697
Romania,ROU,2012,776218.44
Romania,ROU,2013,-5405023
Romania,ROU,2014,-4496754
Romania,ROU,2015,-11749605
Romania,ROU,2016,-13501217
Romania,ROU,2017,-5752260
Romania,ROU,2018,23773534
Romania,ROU,2019,-8935727
Romania,ROU,2020,-5915601
Romania,ROU,2021,-16798342
Romania,ROU,2022,-18638292
Romania,ROU,2023,-20080332
Romania,ROU,2024,-21367164
Slovakia,SVK,1850,4857694.5
Slovakia,SVK,1851,4813177
Slovakia,SVK,1852,4773825.5
Slovakia,SVK,1853,4784414.5
Slovakia,SVK,1854,4767706.5
Slovakia,SVK,1855,4680393.5
Slovakia,SVK,1856,4683654.5
Slovakia,SVK,1857,4652730.5
Slovakia,SVK,1858,4633567.5
Slovakia,SVK,1859,4647161
Slovakia,SVK,1860,4312638
Slovakia,SVK,1861,4127715.8
Slovakia,SVK,1862,4024390.8
Slovakia,SVK,1863,3956680.2
Slovakia,SVK,1864,3902929.5
Slovakia,SVK,1865,3852623
Slovakia,SVK,1866,3866252.8
Slovakia,SVK,1867,3852073
Slovakia,SVK,1868,3701922.2
Slovakia,SVK,1869,3659456.5
Slovakia,SVK,1870,3733359.2
Slovakia,SVK,1871,3697892.2
Slovakia,SVK,1872,3689941
Slovakia,SVK,1873,3701519.2
Slovakia,SVK,1874,3698001.8
Slovakia,SVK,1875,3608490.2
Slovakia,SVK,1876,3593724.5
Slovakia,SVK,1877,3535906.8
Slovakia,SVK,1878,3512640
Slovakia,SVK,1879,3516304
Slovakia,SVK,1880,3566134.8
Slovakia,SVK,1881,3486955.5
Slovakia,SVK,1882,3503223.8
Slovakia,SVK,1883,3457167.2
Slovakia,SVK,1884,3456177.8
Slovakia,SVK,1885,3430566.8
Slovakia,SVK,1886,3472775.8
Slovakia,SVK,1887,3465704.2
Slovakia,SVK,1888,3350471.5
Slovakia,SVK,1889,3287890.5
Slovakia,SVK,1890,3162435
Slovakia,SVK,1891,3114436.5
Slovakia,SVK,1892,3057754.5
Slovakia,SVK,1893,3085820.8
Slovakia,SVK,1894,3040826.8
Slovakia,SVK,1895,2956701.5
Slovakia,SVK,1896,2929331.2
Slovakia,SVK,1897,2936622.8
Slovakia,SVK,1898,2926070.5
Slovakia,SVK,1899,2946808.8
Slovakia,SVK,1900,2965018.8
Slovakia,SVK,1901,2917606.5
Slovakia,SVK,1902,2818605.2
Slovakia,SVK,1903,2815857.2
Slovakia,SVK,1904,2877779
Slovakia,SVK,1905,2861657.2
Slovakia,SVK,1906,2767272.5
Slovakia,SVK,1907,2752103.5
Slovakia,SVK,1908,2727225
Slovakia,SVK,1909,2710700.5
Slovakia,SVK,1910,2472797
Slovakia,SVK,1911,2417140.8
Slovakia,SVK,1912,2213642.2
Slovakia,SVK,1913,2181179.2
Slovakia,SVK,1914,2084339.8
Slovakia,SVK,1915,1995707.5
Slovakia,SVK,1916,1917298
Slovakia,SVK,1917,1885421.1
Slovakia,SVK,1918,1810932
Slovakia,SVK,1919,1658619.5
Slovakia,SVK,1920,3331675.2
Slovakia,SVK,1921,4029557
Slovakia,SVK,1922,4423694
Slovakia,SVK,1923,4814972
Slovakia,SVK,1924,5048589
Slovakia,SVK,1925,5364499
Slovakia,SVK,1926,5585108.5
Slovakia,SVK,1927,5872146
Slovakia,SVK,1928,6123203.5
Slovakia,SVK,1929,6220409.5
Slovakia,SVK,1930,4579157.5
Slovakia,SVK,1931,3870503
Slovakia,SVK,1932,3433937.5
Slovakia,SVK,1933,2995356.8
Slovakia,SVK,1934,2620273
Slovakia,SVK,1935,2185979
Slovakia,SVK,1936,1781729.9
Slovakia,SVK,1937,1454095
Slovakia,SVK,1938,1146685.4
Slovakia,SVK,1939,875659.3
Slovakia,SVK,1940,555242.56
Slovakia,SVK,1941,304661.6
Slovakia,SVK,1942,140660.95
Slovakia,SVK,1943,1868.6399
Slovakia,SVK,1944,-301693.78
Slovakia,SVK,1945,-559236.3
Slovakia,SVK,1946,-716275.4
Slovakia,SVK,1947,-847812.94
Slovakia,SVK,1948,-1025150.6
Slovakia,SVK,1949,-1197834.9
Slovakia,SVK,1950,1708633.1
Slovakia,SVK,1951,3162801.5
Slovakia,SVK,1952,4304357.5
Slovakia,SVK,1953,5161733
Slovakia,SVK,1954,5749915.5
Slovakia,SVK,1955,6204507.5
Slovakia,SVK,1956,6506458
Slovakia,SVK,1957,6682953
Slovakia,SVK,1958,6651406
Slovakia,SVK,1959,7800582.5
Slovakia,SVK,1960,6984060
Slovakia,SVK,1961,5266743.5
Slovakia,SVK,1962,4408891
Slovakia,SVK,1963,3746330
Slovakia,SVK,1964,3188815.8
Slovakia,SVK,1965,2778374.5
Slovakia,SVK,1966,2682194.5
Slovakia,SVK,1967,2534535.2
Slovakia,SVK,1968,2383725
Slovakia,SVK,1969,2097566.8
Slovakia,SVK,1970,2096174.4
Slovakia,SVK,1971,2179420.5
Slovakia,SVK,1972,2038869.5
Slovakia,SVK,1973,1971525
Slovakia,SVK,1974,1774988.1
Slovakia,SVK,1975,1906012.9
Slovakia,SVK,1976,2112552.5
Slovakia,SVK,1977,2132008.2
Slovakia,SVK,1978,2168355
Slovakia,SVK,1979,2031285
Slovakia,SVK,1980,2168868
Slovakia,SVK,1981,2411058.5
Slovakia,SVK,1982,2518120.5
Slovakia,SVK,1983,2621335.5
Slovakia,SVK,1984,2482433.2
Slovakia,SVK,1985,2512148.5
Slovakia,SVK,1986,2586527.5
Slovakia,SVK,1987,2534498.8
Slovakia,SVK,1988,2381050.5
Slovakia,SVK,1989,2368043.2
Slovakia,SVK,1990,2263985.8
Slovakia,SVK,1991,1836213.6
Slovakia,SVK,1992,2421427.8
Slovakia,SVK,1993,1886483.6
Slovakia,SVK,1994,2841908.2
Slovakia,SVK,1995,2441799.5
Slovakia,SVK,1996,2746021.2
Slovakia,SVK,1997,2843923.8
Slovakia,SVK,1998,3348859.5
Slovakia,SVK,1999,3802975.5
Slovakia,SVK,2000,807362.4
Slovakia,SVK,2001,558503.5
Slovakia,SVK,2002,1206042.2
Slovakia,SVK,2003,-2598032.5
Slovakia,SVK,2004,-1046071.94
Slovakia,SVK,2005,184628.97
Slovakia,SVK,2006,1160498.8
Slovakia,SVK,2007,2742577.2
Slovakia,SVK,2008,3152065.8
Slovakia,SVK,2009,4140906.2
Slovakia,SVK,2010,4800096.5
Slovakia,SVK,2011,5198776.5
Slovakia,SVK,2012,4646135
Slovakia,SVK,2013,5163235.5
Slovakia,SVK,2014,5837448
Slovakia,SVK,2015,6841640.5
Slovakia,SVK,2016,8210401
Slovakia,SVK,2017,6853512
Slovakia,SVK,2018,4946290
Slovakia,SVK,2019,3878710.2
Slovakia,SVK,2020,3132023.8
Slovakia,SVK,2021,2411718
Slovakia,SVK,2022,1989662
Slovakia,SVK,2023,1632275.4
Slovakia,SVK,2024,1346849.8
Slovenia,SVN,1850,974917.06
Slovenia,SVN,1851,993676.8
Slovenia,SVN,1852,1045046.06
Slovenia,SVN,1853,1053729.8
Slovenia,SVN,1854,1034090.7
Slovenia,SVN,1855,1096488.6
Slovenia,SVN,1856,1109789
Slovenia,SVN,1857,1165445.1
Slovenia,SVN,1858,1195453.4
Slovenia,SVN,1859,1165555
Slovenia,SVN,1860,1290131
Slovenia,SVN,1861,1258987
Slovenia,SVN,1862,1274485.8
Slovenia,SVN,1863,1267634.1
Slovenia,SVN,1864,1273533.1
Slovenia,SVN,1865,1317537.8
Slovenia,SVN,1866,1351612.9
Slovenia,SVN,1867,1389022.4
Slovenia,SVN,1868,1405363.9
Slovenia,SVN,1869,1482710.9
Slovenia,SVN,1870,1527118.6
Slovenia,SVN,1871,1600178.8
Slovenia,SVN,1872,1698593.8
Slovenia,SVN,1873,1740143.5
Slovenia,SVN,1874,1761651.2
Slovenia,SVN,1875,1851052.9
Slovenia,SVN,1876,1917810.8
Slovenia,SVN,1877,2002669.1
Slovenia,SVN,1878,2049275.2
Slovenia,SVN,1879,2045647.8
Slovenia,SVN,1880,2188727
Slovenia,SVN,1881,2198290
Slovenia,SVN,1882,2267283.2
Slovenia,SVN,1883,2310628.5
Slovenia,SVN,1884,2349576.8
Slovenia,SVN,1885,2428242.8
Slovenia,SVN,1886,2513687.2
Slovenia,SVN,1887,2542669.5
Slovenia,SVN,1888,2563957.2
Slovenia,SVN,1889,2658012.2
Slovenia,SVN,1890,2680216
Slovenia,SVN,1891,2729900
Slovenia,SVN,1892,2830476.5
Slovenia,SVN,1893,2853120
Slovenia,SVN,1894,2845975.5
Slovenia,SVN,1895,2909839
Slovenia,SVN,1896,2967693.5
Slovenia,SVN,1897,3038335.5
Slovenia,SVN,1898,3047019.2
Slovenia,SVN,1899,3002684.5
Slovenia,SVN,1900,3131804
Slovenia,SVN,1901,3117441.2
Slovenia,SVN,1902,3157928.2
Slovenia,SVN,1903,3242200.2
Slovenia,SVN,1904,3262205.8
Slovenia,SVN,1905,3221828.5
Slovenia,SVN,1906,3297123.5
Slovenia,SVN,1907,3333397.2
Slovenia,SVN,1908,3396088.2
Slovenia,SVN,1909,3396894.5
Slovenia,SVN,1910,3421113.2
Slovenia,SVN,1911,3577529.8
Slovenia,SVN,1912,3548840.5
Slovenia,SVN,1913,3609626.2
Slovenia,SVN,1914,3625491.2
Slovenia,SVN,1915,3652531.5
Slovenia,SVN,1916,3743875.2
Slovenia,SVN,1917,3829686.2
Slovenia,SVN,1918,3848629
Slovenia,SVN,1919,3861599.8
Slovenia,SVN,1920,3993576.8
Slovenia,SVN,1921,4070777.2
Slovenia,SVN,1922,4122073.5
Slovenia,SVN,1923,4031426
Slovenia,SVN,1924,3899815
Slovenia,SVN,1925,3910074.2
Slovenia,SVN,1926,3866656
Slovenia,SVN,1927,3963239
Slovenia,SVN,1928,3851450.2
Slovenia,SVN,1929,3872261.5
Slovenia,SVN,1930,3692542.5
Slovenia,SVN,1931,3779672.2
Slovenia,SVN,1932,3637802.5
Slovenia,SVN,1933,3605339.5
Slovenia,SVN,1934,3520151.2
Slovenia,SVN,1935,3666711.5
Slovenia,SVN,1936,3544846.8
Slovenia,SVN,1937,3420453.8
Slovenia,SVN,1938,3577383
Slovenia,SVN,1939,3446615
Slovenia,SVN,1940,3345561.8
Slovenia,SVN,1941,3389749.5
Slovenia,SVN,1942,3550122.8
Slovenia,SVN,1943,3595190
Slovenia,SVN,1944,3539790.2
Slovenia,SVN,1945,3579031.8
Slovenia,SVN,1946,3652788.2
Slovenia,SVN,1947,3451121.8
Slovenia,SVN,1948,3244911.8
Slovenia,SVN,1949,3499376.5
Slovenia,SVN,1950,3131914
Slovenia,SVN,1951,2796181.5
Slovenia,SVN,1952,2960548.5
Slovenia,SVN,1953,2805341.5
Slovenia,SVN,1954,2666989
Slovenia,SVN,1955,2586271
Slovenia,SVN,1956,2510389.8
Slovenia,SVN,1957,2464882.8
Slovenia,SVN,1958,2392408.8
Slovenia,SVN,1959,2365185.2
Slovenia,SVN,1960,2164727.8
Slovenia,SVN,1961,2016592.2
Slovenia,SVN,1962,1829765
Slovenia,SVN,1963,1774035.5
Slovenia,SVN,1964,1717683.2
Slovenia,SVN,1965,1554342.1
Slovenia,SVN,1966,1521769.1
Slovenia,SVN,1967,1823096.5
Slovenia,SVN,1968,1843578.2
Slovenia,SVN,1969,1800343.1
Slovenia,SVN,1970,1734024.6
Slovenia,SVN,1971,1748277.6
Slovenia,SVN,1972,1297825.4
Slovenia,SVN,1973,1196369.2
Slovenia,SVN,1974,969494.44
Slovenia,SVN,1975,803991.5
Slovenia,SVN,1976,699201.1
Slovenia,SVN,1977,807325.75
Slovenia,SVN,1978,546045.94
Slovenia,SVN,1979,714040.3
Slovenia,SVN,1980,414325.12
Slovenia,SVN,1981,247686.39
Slovenia,SVN,1982,241127.84
Slovenia,SVN,1983,275056.47
Slovenia,SVN,1984,260986.72
Slovenia,SVN,1985,407876.47
Slovenia,SVN,1986,367828.97
Slovenia,SVN,1987,358375.84
Slovenia,SVN,1988,386332.16
Slovenia,SVN,1989,396737.94
Slovenia,SVN,1990,-625921.1
Slovenia,SVN,1991,389593.12
Slovenia,SVN,1992,-864777.25
Slovenia,SVN,1993,-1249387.4
Slovenia,SVN,1994,-1415806.2
Slovenia,SVN,1995,-1784954.2
Slovenia,SVN,1996,-2241122.2
Slovenia,SVN,1997,-1542360.8
Slovenia,SVN,1998,-735511.3
Slovenia,SVN,1999,-155829.92
Slovenia,SVN,2000,42209.28
Slovenia,SVN,2001,308582.1
Slovenia,SVN,2002,184812.16
Slovenia,SVN,2003,570008.5
Slovenia,SVN,2004,309314.9
Slovenia,SVN,2005,167005.12
Slovenia,SVN,2006,118750.234
Slovenia,SVN,2007,8010822.5
Slovenia,SVN,2008,3214976.8
Slovenia,SVN,2009,3531143.2
Slovenia,SVN,2010,3919857
Slovenia,SVN,2011,4230124.5
Slovenia,SVN,2012,5013708
Slovenia,SVN,2013,4530316
Slovenia,SVN,2014,4154280
Slovenia,SVN,2015,4227816.5
Slovenia,SVN,2016,4145412.8
Slovenia,SVN,2017,4214845.5
Slovenia,SVN,2018,3308775.2
Slovenia,SVN,2019,3600099.8
Slovenia,SVN,2020,2831429.2
Slovenia,SVN,2021,2742650.5
Slovenia,SVN,2022,2687947
Slovenia,SVN,2023,2463307.2
Slovenia,SVN,2024,2244419.8
Spain,ESP,1850,28296816
Spain,ESP,1851,26589354
Spain,ESP,1852,25622682
Spain,ESP,1853,24924946
Spain,ESP,1854,24389488
Spain,ESP,1855,23953106
Spain,ESP,1856,23537244
Spain,ESP,1857,23151498
Spain,ESP,1858,22868014
Spain,ESP,1859,22592260
Spain,ESP,1860,21498520
Spain,ESP,1861,20895756
Spain,ESP,1862,20455416
Spain,ESP,1863,20028780
Spain,ESP,1864,19627754
Spain,ESP,1865,19319540
Spain,ESP,1866,18982818
Spain,ESP,1867,18844354
Spain,ESP,1868,18514338
Spain,ESP,1869,18323810
Spain,ESP,1870,17093548
Spain,ESP,1871,16512182
Spain,ESP,1872,16114785
Spain,ESP,1873,15793819
Spain,ESP,1874,15533858
Spain,ESP,1875,15317902
Spain,ESP,1876,15100187
Spain,ESP,1877,14876682
Spain,ESP,1878,14749872
Spain,ESP,1879,14611812
Spain,ESP,1880,13366455
Spain,ESP,1881,12745590
Spain,ESP,1882,12348999
Spain,ESP,1883,12004620
Spain,ESP,1884,11699921
Spain,ESP,1885,11485431
Spain,ESP,1886,11237855
Spain,ESP,1887,11172049
Spain,ESP,1888,10931471
Spain,ESP,1889,10805026
Spain,ESP,1890,16236467
Spain,ESP,1891,18616930
Spain,ESP,1892,20003534
Spain,ESP,1893,20932176
Spain,ESP,1894,21626944
Spain,ESP,1895,22172916
Spain,ESP,1896,22583026
Spain,ESP,1897,22905166
Spain,ESP,1898,23241448
Spain,ESP,1899,23513684
Spain,ESP,1900,22592554
Spain,ESP,1901,22324752
Spain,ESP,1902,22300534
Spain,ESP,1903,22275690
Spain,ESP,1904,22207028
Spain,ESP,1905,22203766
Spain,ESP,1906,22195266
Spain,ESP,1907,22157968
Spain,ESP,1908,22100552
Spain,ESP,1909,22124368
Spain,ESP,1910,26594046
Spain,ESP,1911,28628738
Spain,ESP,1912,29912126
Spain,ESP,1913,30843220
Spain,ESP,1914,31520808
Spain,ESP,1915,32050402
Spain,ESP,1916,32531226
Spain,ESP,1917,32892826
Spain,ESP,1918,33376586
Spain,ESP,1919,33613132
Spain,ESP,1920,36062550
Spain,ESP,1921,37395516
Spain,ESP,1922,38315770
Spain,ESP,1923,39092204
Spain,ESP,1924,39726772
Spain,ESP,1925,40316200
Spain,ESP,1926,40920724
Spain,ESP,1927,41341532
Spain,ESP,1928,41830936
Spain,ESP,1929,42318390
Spain,ESP,1930,41355710
Spain,ESP,1931,41279064
Spain,ESP,1932,41404924
Spain,ESP,1933,41600290
Spain,ESP,1934,41807080
Spain,ESP,1935,42120064
Spain,ESP,1936,42313084
Spain,ESP,1937,42610780
Spain,ESP,1938,42921490
Spain,ESP,1939,43115680
Spain,ESP,1940,31531870
Spain,ESP,1941,26244976
Spain,ESP,1942,23169122
Spain,ESP,1943,20952402
Spain,ESP,1944,19258570
Spain,ESP,1945,17942022
Spain,ESP,1946,16784052
Spain,ESP,1947,15851380
Spain,ESP,1948,15119496
Spain,ESP,1949,14573999
Spain,ESP,1950,15510482
Spain,ESP,1951,15769307
Spain,ESP,1952,16134973
Spain,ESP,1953,16662956
Spain,ESP,1954,17224794
Spain,ESP,1955,17814332
Spain,ESP,1956,18668960
Spain,ESP,1957,20089712
Spain,ESP,1958,21933620
Spain,ESP,1959,38490980
Spain,ESP,1960,17052842
Spain,ESP,1961,17622558
Spain,ESP,1962,10798211
Spain,ESP,1963,1710501.8
Spain,ESP,1964,3138802.2
Spain,ESP,1965,-7801609
Spain,ESP,1966,17304084
Spain,ESP,1967,1068825.4
Spain,ESP,1968,34164970
Spain,ESP,1969,6421087
Spain,ESP,1970,52857852
Spain,ESP,1971,21199062
Spain,ESP,1972,6861389.5
Spain,ESP,1973,26051.041
Spain,ESP,1974,-3494979.8
Spain,ESP,1975,-8694416
Spain,ESP,1976,-9912622
Spain,ESP,1977,-10170018
Spain,ESP,1978,-11150322
Spain,ESP,1979,-11702706
Spain,ESP,1980,-11212060
Spain,ESP,1981,-10402243
Spain,ESP,1982,-9431100
Spain,ESP,1983,-9657571
Spain,ESP,1984,-12209181
Spain,ESP,1985,-10675504
Spain,ESP,1986,-10935208
Spain,ESP,1987,-10632672
Spain,ESP,1988,-10170128
Spain,ESP,1989,-12379630
Spain,ESP,1990,-13352239
Spain,ESP,1991,-16216644
Spain,ESP,1992,-23256728
Spain,ESP,1993,-24101682
Spain,ESP,1994,-45404544
Spain,ESP,1995,-3379417.2
Spain,ESP,1996,-15211352
Spain,ESP,1997,-35004612
Spain,ESP,1998,-25290174
Spain,ESP,1999,-22496594
Spain,ESP,2000,-30070594
Spain,ESP,2001,-26764200
Spain,ESP,2002,-14948900
Spain,ESP,2003,-13602673
Spain,ESP,2004,-18058904
Spain,ESP,2005,-22781580
Spain,ESP,2006,-26133736
Spain,ESP,2007,-23975274
Spain,ESP,2008,-24161370
Spain,ESP,2009,-22956572
Spain,ESP,2010,-29265650
Spain,ESP,2011,13976292
Spain,ESP,2012,-15719037
Spain,ESP,2013,-14738770
Spain,ESP,2014,-15720429
Spain,ESP,2015,-21558756
Spain,ESP,2016,-19785930
Spain,ESP,2017,-24617500
Spain,ESP,2018,-20685918
Spain,ESP,2019,-22960896
Spain,ESP,2020,-21005638
Spain,ESP,2021,-275349.6
Spain,ESP,2022,-8550457
Spain,ESP,2023,-10308847
Spain,ESP,2024,-10464165
Sweden,SWE,1850,26308474
Sweden,SWE,1851,26439644
Sweden,SWE,1852,26841658
Sweden,SWE,1853,26995216
Sweden,SWE,1854,27336408
Sweden,SWE,1855,27617656
Sweden,SWE,1856,27711272
Sweden,SWE,1857,28102696
Sweden,SWE,1858,28353718
Sweden,SWE,1859,28791236
Sweden,SWE,1860,28730120
Sweden,SWE,1861,28838868
Sweden,SWE,1862,29459696
Sweden,SWE,1863,29843792
Sweden,SWE,1864,30190482
Sweden,SWE,1865,30337370
Sweden,SWE,1866,30858134
Sweden,SWE,1867,31286894
Sweden,SWE,1868,31547992
Sweden,SWE,1869,31767394
Sweden,SWE,1870,32168308
Sweden,SWE,1871,32198684
Sweden,SWE,1872,32459156
Sweden,SWE,1873,32950534
Sweden,SWE,1874,33074230
Sweden,SWE,1875,33465840
Sweden,SWE,1876,34046180
Sweden,SWE,1877,34202670
Sweden,SWE,1878,34325196
Sweden,SWE,1879,34533788
Sweden,SWE,1880,32452452
Sweden,SWE,1881,31959312
Sweden,SWE,1882,31919338
Sweden,SWE,1883,32115730
Sweden,SWE,1884,31983384
Sweden,SWE,1885,31880794
Sweden,SWE,1886,31541434
Sweden,SWE,1887,31275244
Sweden,SWE,1888,31047052
Sweden,SWE,1889,31151220
Sweden,SWE,1890,31902706
Sweden,SWE,1891,32152920
Sweden,SWE,1892,32597288
Sweden,SWE,1893,32077366
Sweden,SWE,1894,32022370
Sweden,SWE,1895,32309738
Sweden,SWE,1896,32312376
Sweden,SWE,1897,32116096
Sweden,SWE,1898,32404964
Sweden,SWE,1899,32510158
Sweden,SWE,1900,32724870
Sweden,SWE,1901,33016376
Sweden,SWE,1902,33445506
Sweden,SWE,1903,33610170
Sweden,SWE,1904,33763212
Sweden,SWE,1905,34330364
Sweden,SWE,1906,34578412
Sweden,SWE,1907,34515976
Sweden,SWE,1908,34708520
Sweden,SWE,1909,34897252
Sweden,SWE,1910,33711804
Sweden,SWE,1911,33342950
Sweden,SWE,1912,33000660
Sweden,SWE,1913,32976842
Sweden,SWE,1914,32961124
Sweden,SWE,1915,32568234
Sweden,SWE,1916,32408664
Sweden,SWE,1917,32102686
Sweden,SWE,1918,31821142
Sweden,SWE,1919,31506296
Sweden,SWE,1920,31611564
Sweden,SWE,1921,31069474
Sweden,SWE,1922,31063610
Sweden,SWE,1923,30666178
Sweden,SWE,1924,30543106
Sweden,SWE,1925,30308976
Sweden,SWE,1926,29846430
Sweden,SWE,1927,29424890
Sweden,SWE,1928,29202630
Sweden,SWE,1929,28917900
Sweden,SWE,1930,27864280
Sweden,SWE,1931,26988658
Sweden,SWE,1932,26276926
Sweden,SWE,1933,25140792
Sweden,SWE,1934,24586760
Sweden,SWE,1935,23624482
Sweden,SWE,1936,22812394
Sweden,SWE,1937,21983780
Sweden,SWE,1938,21296486
Sweden,SWE,1939,20199008
Sweden,SWE,1940,20026398
Sweden,SWE,1941,19279234
Sweden,SWE,1942,18588240
Sweden,SWE,1943,18279512
Sweden,SWE,1944,21758260
Sweden,SWE,1945,22659018
Sweden,SWE,1946,22926088
Sweden,SWE,1947,23075798
Sweden,SWE,1948,22853136
Sweden,SWE,1949,22206918
Sweden,SWE,1950,21234236
Sweden,SWE,1951,19423926
Sweden,SWE,1952,16857808
Sweden,SWE,1953,13767700
Sweden,SWE,1954,9926032
Sweden,SWE,1955,5941909
Sweden,SWE,1956,1159509.5
Sweden,SWE,1957,-4035676
Sweden,SWE,1958,-10472482
Sweden,SWE,1959,-27689764
Sweden,SWE,1960,-23506282
Sweden,SWE,1961,-27449260
Sweden,SWE,1962,-30620524
Sweden,SWE,1963,-30939404
Sweden,SWE,1964,-31422906
Sweden,SWE,1965,-31151146
Sweden,SWE,1966,-30227304
Sweden,SWE,1967,-29668726
Sweden,SWE,1968,-27483334
Sweden,SWE,1969,-26408866
Sweden,SWE,1970,-25002698
Sweden,SWE,1971,-23606162
Sweden,SWE,1972,-23153366
Sweden,SWE,1973,-21111748
Sweden,SWE,1974,-19839792
Sweden,SWE,1975,-18787564
Sweden,SWE,1976,-18394378
Sweden,SWE,1977,-17807480
Sweden,SWE,1978,-17704156
Sweden,SWE,1979,-16840440
Sweden,SWE,1980,-16269259
Sweden,SWE,1981,-15916305
Sweden,SWE,1982,-15348313
Sweden,SWE,1983,-14314918
Sweden,SWE,1984,-14337305
Sweden,SWE,1985,-13938955
Sweden,SWE,1986,-13306878
Sweden,SWE,1987,-12818101
Sweden,SWE,1988,-11986263
Sweden,SWE,1989,-10887393
Sweden,SWE,1990,-11370455
Sweden,SWE,1991,-10909927
Sweden,SWE,1992,-9268784
Sweden,SWE,1993,-8675803
Sweden,SWE,1994,-8435994
Sweden,SWE,1995,-4630416.5
Sweden,SWE,1996,-6331392
Sweden,SWE,1997,-5426823.5
Sweden,SWE,1998,-4438240
Sweden,SWE,1999,-7461443.5
Sweden,SWE,2000,-1629820.4
Sweden,SWE,2001,-1401296.9
Sweden,SWE,2002,-2307257.5
Sweden,SWE,2003,-628082.9
Sweden,SWE,2004,4119801.8
Sweden,SWE,2005,4934931.5
Sweden,SWE,2006,2675379.5
Sweden,SWE,2007,3514875.2
Sweden,SWE,2008,3921615.8
Sweden,SWE,2009,4181393.2
Sweden,SWE,2010,3845111.5
Sweden,SWE,2011,3503223.8
Sweden,SWE,2012,3756296.2
Sweden,SWE,2013,3716028.8
Sweden,SWE,2014,4319013
Sweden,SWE,2015,5020486
Sweden,SWE,2016,5676562
Sweden,SWE,2017,6885718.5
Sweden,SWE,2018,7046238.5
Sweden,SWE,2019,7705685
Sweden,SWE,2020,7896213.5
Sweden,SWE,2021,8624579
Sweden,SWE,2022,9421646
Sweden,SWE,2023,9095184
Sweden,SWE,2024,7990708